period,scenario,Ass,Rule,Rec,INN,OER,q025,q50,q975,Mean,Median_Last_Yr,Risk1_med,Risk2_med,Risk3_med,Risk1_low,Risk2_low,Risk3_low,Risk1_meanR_low,Risk1_Q975_low,Risk1_meanR_med,Risk1_Q975_med,Risk1_rec2019
initial,ASSnone_HCR0_REClow_INNvar_OERnone,ASSnone,HCR0,REClow,INNvar,OERnone,3023208.686,6998635.52,16363277.69,7665206.794,6930795.876,0.489,0.879,0.588,0,0,0,0.5008,0.0268,0.0922,0,0.0226
initial,ASSnone_HCR0_REClowmed_INNvar_OERnone,ASSnone,HCR0,REClowmed,INNvar,OERnone,4359591.355,12228567.54,34805009.84,14122341.17,12201380.47,0.0686,0.233,0.162,0,0,0,0.8588,0.3082,0.4944,0.026,0.2764
initial,ASSnone_HCR0_RECmix_INNvar_OERnone,ASSnone,HCR0,RECmix,INNvar,OERnone,3771906.738,10790781.8,33184273.31,12766037.95,11200743.34,0.219,0.375,0.319,0,0,0,0.7854,0.248,0.41,0.0206,0.2232
initial,ASSnone_HCR10_REClow_INNvar_OERnone,ASSnone,HCR10,REClow,INNvar,OERnone,3023208.686,6998635.52,16363277.69,7664955.685,6930795.876,0.5718,0.888,0.695,0.001,0.003,0.002,0.5008,0.0268,0.0922,0,0.0226
initial,ASSnone_HCR10_REClowmed_INNvar_OERnone,ASSnone,HCR10,REClowmed,INNvar,OERnone,4347090.506,12165080.48,34764150.4,14085665.41,12196069.7,0.0858,0.244,0.162,0,0,0,0.857,0.3052,0.492,0.0258,0.2748
initial,ASSnone_HCR10_RECmix_INNvar_OERnone,ASSnone,HCR10,RECmix,INNvar,OERnone,3669095.814,10475797.34,32412292.77,12393612.09,10665557.39,0.2756,0.378,0.319,0.001,0.003,0.002,0.7632,0.234,0.389,0.0186,0.2098
initial,ASSnone_HCR11_REClow_INNvar_OERnone,ASSnone,HCR11,REClow,INNvar,OERnone,3023208.686,6998635.52,16363277.69,7665200.462,6930795.876,0.4204,0.734,0.47,2.00E-04,0.001,0.001,0.5008,0.0268,0.0922,0,0.0226
initial,ASSnone_HCR11_REClowmed_INNvar_OERnone,ASSnone,HCR11,REClowmed,INNvar,OERnone,4349550.711,12228567.54,34911667.19,14130490.2,12210575.13,0.0594,0.188,0.162,0,0,0,0.8594,0.3084,0.4944,0.0264,0.277
initial,ASSnone_HCR11_RECmix_INNvar_OERnone,ASSnone,HCR11,RECmix,INNvar,OERnone,3788243.193,10751276.15,33123983.98,12737211.7,11200743.34,0.224,0.341,0.319,2.00E-04,0.001,0.001,0.7806,0.2476,0.409,0.0202,0.2218
initial,ASSnone_HCR13_REClow_INNvar_OERnone,ASSnone,HCR13,REClow,INNvar,OERnone,3023208.686,6998635.52,16363277.69,7664979.212,6930795.876,0.557,0.872,0.675,8.00E-04,0.002,0.002,0.5008,0.0268,0.0922,0,0.0226
initial,ASSnone_HCR13_REClowmed_INNvar_OERnone,ASSnone,HCR13,REClowmed,INNvar,OERnone,4347090.506,12185313.57,34764150.4,14094204.51,12201380.47,0.0794,0.227,0.162,0,0,0,0.8576,0.306,0.4924,0.026,0.275
initial,ASSnone_HCR13_RECmix_INNvar_OERnone,ASSnone,HCR13,RECmix,INNvar,OERnone,3680263.774,10489741.2,32639110.61,12429394.29,10700360.25,0.2706,0.366,0.319,8.00E-04,0.002,0.002,0.7644,0.2352,0.3906,0.019,0.2108
initial,ASSnone_HCR14_REClow_INNvar_OERnone,ASSnone,HCR14,REClow,INNvar,OERnone,3023208.686,6998635.52,16363277.69,7664979.212,6930795.876,0.5384,0.856,0.655,8.00E-04,0.002,0.002,0.5008,0.0268,0.0922,0,0.0226
initial,ASSnone_HCR14_REClowmed_INNvar_OERnone,ASSnone,HCR14,REClowmed,INNvar,OERnone,4347547.058,12190562.42,34802336.18,14100051.57,12201380.47,0.077,0.216,0.162,0,0,0,0.8578,0.3064,0.4926,0.026,0.275
initial,ASSnone_HCR14_RECmix_INNvar_OERnone,ASSnone,HCR14,RECmix,INNvar,OERnone,3686034.258,10522070.91,32751399.33,12471758.39,10723716.86,0.2644,0.358,0.319,8.00E-04,0.002,0.002,0.7674,0.2366,0.3928,0.0194,0.2122
initial,ASSnone_HCR7_REClow_INNvar_OERnone,ASSnone,HCR7,REClow,INNvar,OERnone,3023208.686,6998635.52,16363277.69,7665206.794,6930795.876,0.3222,0.616,0.385,0,0,0,0.5008,0.0268,0.0922,0,0.0226
initial,ASSnone_HCR7_REClowmed_INNvar_OERnone,ASSnone,HCR7,REClowmed,INNvar,OERnone,4384518.16,12238298.6,35094122.87,14143498.36,12210575.13,0.0498,0.171,0.162,0,0,0,0.8598,0.31,0.4954,0.0264,0.2776
initial,ASSnone_HCR7_RECmix_INNvar_OERnone,ASSnone,HCR7,RECmix,INNvar,OERnone,3875277.487,11018630.85,33461758.89,12979464.86,11522120.05,0.1866,0.329,0.319,0,0,0,0.796,0.2578,0.4238,0.0214,0.2312
initial,ASSnone_HCR8_REClow_INNvar_OERnone,ASSnone,HCR8,REClow,INNvar,OERnone,3023208.686,6998635.52,16363277.69,7664979.212,6930795.876,0.5656,0.879,0.685,8.00E-04,0.002,0.002,0.5008,0.0268,0.0922,0,0.0226
initial,ASSnone_HCR8_REClowmed_INNvar_OERnone,ASSnone,HCR8,REClowmed,INNvar,OERnone,4347090.506,12180066.24,34764150.4,14090239.48,12196069.7,0.0826,0.235,0.162,0,0,0,0.8574,0.3054,0.4922,0.0258,0.275
initial,ASSnone_HCR8_RECmix_INNvar_OERnone,ASSnone,HCR8,RECmix,INNvar,OERnone,3675088.319,10480531.45,32639110.61,12410927.34,10700360.25,0.2738,0.372,0.319,8.00E-04,0.002,0.002,0.7636,0.2342,0.3894,0.019,0.21
initial,ASSnone_HCR9_REClow_INNvar_OERnone,ASSnone,HCR9,REClow,INNvar,OERnone,3023208.686,6998635.52,16363277.69,7664955.685,6930795.876,0.5696,0.886,0.692,0.001,0.003,0.002,0.5008,0.0268,0.0922,0,0.0226
initial,ASSnone_HCR9_REClowmed_INNvar_OERnone,ASSnone,HCR9,REClowmed,INNvar,OERnone,4347090.506,12175766.65,34764150.4,14087526.51,12196069.7,0.085,0.242,0.162,0,0,0,0.8572,0.3052,0.492,0.0258,0.2748
initial,ASSnone_HCR9_RECmix_INNvar_OERnone,ASSnone,HCR9,RECmix,INNvar,OERnone,3669095.814,10475797.34,32412292.77,12393612.09,10665557.39,0.2756,0.378,0.319,0.001,0.003,0.002,0.7632,0.234,0.389,0.0186,0.2098
initial,ASSss3_HCR0_REClow_INNvar_OERnaq,ASSss3,HCR0,REClow,INNvar,OERnaq,3031256.572,6902312.807,16189947.23,7560721.146,6930795.876,0.5452,0.881,0.691,0.0026,0.012,0.008,0.4868,0.0272,0.088,0,0.0206
initial,ASSss3_HCR0_REClowmed_INNvar_OERnaq,ASSss3,HCR0,REClowmed,INNvar,OERnaq,4329405.163,11880630.87,34262609.02,13802492.46,11882250.68,0.0898,0.257,0.166,2.00E-04,0.001,0.001,0.8438,0.2908,0.4722,0.0246,0.263
initial,ASSss3_HCR0_RECmix_INNvar_OERnaq,ASSss3,HCR0,RECmix,INNvar,OERnaq,3705647.069,10299575.46,31314981.67,12170776.57,10610964.75,0.2652,0.388,0.315,0.002,0.007,0.004,0.764,0.2252,0.3762,0.018,0.1986
initial,ASSss3_HCR10_REClow_INNvar_OERnaq,ASSss3,HCR10,REClow,INNvar,OERnaq,2999009.95,6949634.944,16115851.37,7587970.432,6914884.179,0.5872,0.901,0.74,0.0026,0.01,0.006,0.4936,0.0262,0.091,0,0.0192
initial,ASSss3_HCR10_REClowmed_INNvar_OERnaq,ASSss3,HCR10,REClowmed,INNvar,OERnaq,4342142.512,12004754.82,35067064.56,13922162.55,12062018.91,0.0956,0.256,0.175,0.001,0.003,0.002,0.8526,0.2956,0.478,0.028,0.2672
initial,ASSss3_HCR10_RECmix_INNvar_OERnaq,ASSss3,HCR10,RECmix,INNvar,OERnaq,3672781.353,10229478.53,32354858.29,12151923.87,10418823.72,0.2912,0.388,0.319,0.001,0.004,0.003,0.7558,0.2182,0.3668,0.0204,0.196
initial,ASSss3_HCR11_REClow_INNvar_OERnaq,ASSss3,HCR11,REClow,INNvar,OERnaq,3031215.25,6841961.189,15833966.59,7507556.867,6841897.327,0.4322,0.74,0.498,2.00E-04,0.001,0.001,0.4796,0.0238,0.0856,0,0.0174
initial,ASSss3_HCR11_REClowmed_INNvar_OERnaq,ASSss3,HCR11,REClowmed,INNvar,OERnaq,4365285.426,11911537.27,34789404.08,13823248.63,12088719.29,0.0654,0.199,0.178,2.00E-04,0.001,0.001,0.8536,0.29,0.4714,0.0268,0.262
initial,ASSss3_HCR11_RECmix_INNvar_OERnaq,ASSss3,HCR11,RECmix,INNvar,OERnaq,3720284.651,10440643.82,32974327.7,12351659.19,10829387.48,0.2328,0.336,0.317,4.00E-04,0.002,0.001,0.7644,0.2316,0.382,0.0214,0.2074
initial,ASSss3_HCR13_REClow_INNvar_OERnaq,ASSss3,HCR13,REClow,INNvar,OERnaq,2980596.555,6851063.696,16115851.37,7533617.12,6819952.001,0.5662,0.877,0.714,0.0014,0.005,0.003,0.4818,0.0266,0.0896,0,0.0198
initial,ASSss3_HCR13_REClowmed_INNvar_OERnaq,ASSss3,HCR13,REClowmed,INNvar,OERnaq,4269843.424,12060890.04,35071957.1,13949288.98,12187504.05,0.0874,0.232,0.176,0.0012,0.004,0.004,0.8494,0.2934,0.4816,0.0274,0.2656
initial,ASSss3_HCR13_RECmix_INNvar_OERnaq,ASSss3,HCR13,RECmix,INNvar,OERnaq,3642953.188,10204524.69,33257301.59,12237516.24,10355100.02,0.2802,0.364,0.319,8.00E-04,0.003,0.002,0.7486,0.2252,0.3774,0.0226,0.201
initial,ASSss3_HCR14_REClow_INNvar_OERnaq,ASSss3,HCR14,REClow,INNvar,OERnaq,3021796.742,6861893.18,16078178.67,7538628.069,6874715.406,0.547,0.854,0.675,0.001,0.004,0.003,0.4816,0.0254,0.0904,0,0.0192
initial,ASSss3_HCR14_REClowmed_INNvar_OERnaq,ASSss3,HCR14,REClowmed,INNvar,OERnaq,4247494.157,11887815.68,34068212.85,13770830.45,11914699.61,0.0808,0.215,0.169,0.001,0.003,0.002,0.8492,0.2892,0.4718,0.025,0.2596
initial,ASSss3_HCR14_RECmix_INNvar_OERnaq,ASSss3,HCR14,RECmix,INNvar,OERnaq,3641220.724,10255089.97,31868615.92,12160646.88,10358383.03,0.2668,0.351,0.324,0.001,0.004,0.002,0.7576,0.2216,0.375,0.0182,0.1972
initial,ASSss3_HCR7_REClow_INNvar_OERnaq,ASSss3,HCR7,REClow,INNvar,OERnaq,2980596.555,6827605.896,15818363.17,7508135.437,6930795.876,0.3404,0.593,0.374,4.00E-04,0.002,0.002,0.4786,0.0238,0.0872,0,0.017
initial,ASSss3_HCR7_REClowmed_INNvar_OERnaq,ASSss3,HCR7,REClowmed,INNvar,OERnaq,4308191.519,12044445.09,34792346.47,13875735.57,12079012.17,0.057,0.188,0.177,4.00E-04,0.002,0.002,0.853,0.2914,0.4786,0.0266,0.2616
initial,ASSss3_HCR7_RECmix_INNvar_OERnaq,ASSss3,HCR7,RECmix,INNvar,OERnaq,3758488.465,10795204.44,33257301.59,12713399.21,11221112.54,0.1936,0.331,0.322,0,0,0,0.7834,0.245,0.4064,0.0202,0.218
initial,ASSss3_HCR8_REClow_INNvar_OERnaq,ASSss3,HCR8,REClow,INNvar,OERnaq,3031489.243,6914126.407,16194939.54,7588083.77,6936823.045,0.5706,0.885,0.719,0.0014,0.005,0.002,0.489,0.0282,0.0936,0,0.0204
initial,ASSss3_HCR8_REClowmed_INNvar_OERnaq,ASSss3,HCR8,REClowmed,INNvar,OERnaq,4329405.163,11940512.69,34263334.52,13758940.6,12196892.83,0.0954,0.247,0.181,0.0012,0.004,0.003,0.8484,0.2874,0.4716,0.0248,0.2602
initial,ASSss3_HCR8_RECmix_INNvar_OERnaq,ASSss3,HCR8,RECmix,INNvar,OERnaq,3619515.925,10092996.48,32367036.74,12058985.5,10293300.37,0.287,0.38,0.323,0.0012,0.003,0.002,0.7508,0.2132,0.3644,0.0202,0.1906
initial,ASSss3_HCR9_REClow_INNvar_OERnaq,ASSss3,HCR9,REClow,INNvar,OERnaq,3031483.078,6910501.487,16115851.37,7564066.234,6794441.917,0.579,0.887,0.734,0.0024,0.009,0.005,0.4896,0.0264,0.091,0,0.019
initial,ASSss3_HCR9_REClowmed_INNvar_OERnaq,ASSss3,HCR9,REClowmed,INNvar,OERnaq,4329065.848,12078889.38,34141573.57,13861180.02,12276336.26,0.0978,0.254,0.177,0.001,0.003,0.002,0.8514,0.2944,0.4782,0.0248,0.2642
initial,ASSss3_HCR9_RECmix_INNvar_OERnaq,ASSss3,HCR9,RECmix,INNvar,OERnaq,3641162.831,10133407.3,31965195.88,12094625.23,10479331.35,0.2912,0.38,0.328,8.00E-04,0.003,0.002,0.7512,0.2194,0.3646,0.0196,0.1954
short,ASSnone_HCR0_REClow_INNvar_OERnone,ASSnone,HCR0,REClow,INNvar,OERnone,3053175.417,6993471.07,15883090.83,7640481.941,6867710.637,0.538,0.991,0.597,0,0,0,0.5001,0.0236,0.0905,0,0.0195
short,ASSnone_HCR0_REClowmed_INNvar_OERnone,ASSnone,HCR0,REClowmed,INNvar,OERnone,4422410.323,12274907.89,33905742.65,14075314.64,12069372.06,0.0504,0.314,0.162,0,0,0,0.8604,0.3057,0.4956,0.0231,0.2769
short,ASSnone_HCR0_RECmix_INNvar_OERnone,ASSnone,HCR0,RECmix,INNvar,OERnone,3926503.358,11200544.08,32751399.33,13027563.33,11615649.8,0.1709,0.444,0.319,0,0,0,0.8023,0.2599,0.4295,0.0192,0.2363
short,ASSnone_HCR10_REClow_INNvar_OERnone,ASSnone,HCR10,REClow,INNvar,OERnone,3053175.417,6993471.07,15883090.83,7640135.473,6867710.637,0.6489,0.99,0.75,0.0012,0.008,0.003,0.5001,0.0236,0.0905,0,0.0195
short,ASSnone_HCR10_REClowmed_INNvar_OERnone,ASSnone,HCR10,REClowmed,INNvar,OERnone,4411230.866,12243803.25,33893363.34,14052865.69,12073515.1,0.0597,0.307,0.162,1.00E-04,0.001,0.001,0.8593,0.3041,0.4945,0.023,0.2761
short,ASSnone_HCR10_RECmix_INNvar_OERnone,ASSnone,HCR10,RECmix,INNvar,OERnone,3790296.782,10696793.57,32141296.59,12576625.64,11090097.83,0.2415,0.434,0.319,8.00E-04,0.004,0.002,0.7749,0.2408,0.4015,0.0175,0.2183
short,ASSnone_HCR11_REClow_INNvar_OERnone,ASSnone,HCR11,REClow,INNvar,OERnone,3053175.417,6993471.07,15883090.83,7640474.967,6867710.637,0.4506,0.896,0.492,2.00E-04,0.001,0.001,0.5001,0.0236,0.0905,0,0.0195
short,ASSnone_HCR11_REClowmed_INNvar_OERnone,ASSnone,HCR11,REClowmed,INNvar,OERnone,4422410.323,12289667.52,33905917.45,14092661.42,12073515.1,0.0312,0.193,0.162,0,0,0,0.8608,0.3064,0.4967,0.0233,0.2781
short,ASSnone_HCR11_RECmix_INNvar_OERnone,ASSnone,HCR11,RECmix,INNvar,OERnone,3962808.715,11253510.15,32994483.05,13094591.84,11729120.63,0.1602,0.344,0.319,2.00E-04,0.001,0.001,0.8035,0.2629,0.434,0.0195,0.2386
short,ASSnone_HCR13_REClow_INNvar_OERnone,ASSnone,HCR13,REClow,INNvar,OERnone,3053175.417,6993471.07,15883090.83,7640149.589,6867710.637,0.6325,0.984,0.733,0.0011,0.007,0.003,0.5001,0.0236,0.0905,0,0.0195
short,ASSnone_HCR13_REClowmed_INNvar_OERnone,ASSnone,HCR13,REClowmed,INNvar,OERnone,4414303.359,12270384.22,33893363.34,14064390.78,12073515.1,0.0495,0.261,0.162,1.00E-04,0.001,0.001,0.8598,0.3047,0.4953,0.0231,0.2768
short,ASSnone_HCR13_RECmix_INNvar_OERnone,ASSnone,HCR13,RECmix,INNvar,OERnone,3830145.982,10791064.27,32279049.44,12665686.73,11156274.39,0.2273,0.397,0.319,7.00E-04,0.003,0.002,0.7798,0.2446,0.4072,0.0179,0.2217
short,ASSnone_HCR14_REClow_INNvar_OERnone,ASSnone,HCR14,REClow,INNvar,OERnone,3053175.417,6993471.07,15883090.83,7640163.073,6867710.637,0.6143,0.975,0.706,0.0011,0.007,0.003,0.5001,0.0236,0.0905,0,0.0195
short,ASSnone_HCR14_REClowmed_INNvar_OERnone,ASSnone,HCR14,REClowmed,INNvar,OERnone,4422410.323,12272565.32,33893363.34,14070018.35,12073515.1,0.0465,0.24,0.162,1.00E-04,0.001,0.001,0.8599,0.3052,0.4955,0.0231,0.2768
short,ASSnone_HCR14_RECmix_INNvar_OERnone,ASSnone,HCR14,RECmix,INNvar,OERnone,3855189.536,10846582.91,32340502.49,12721852.58,11258929.38,0.218,0.383,0.319,7.00E-04,0.003,0.002,0.7836,0.2467,0.4106,0.0182,0.2236
short,ASSnone_HCR7_REClow_INNvar_OERnone,ASSnone,HCR7,REClow,INNvar,OERnone,3053175.417,6993471.07,15883090.83,7640481.941,6867710.637,0.3128,0.775,0.385,0,0,0,0.5001,0.0236,0.0905,0,0.0195
short,ASSnone_HCR7_REClowmed_INNvar_OERnone,ASSnone,HCR7,REClowmed,INNvar,OERnone,4437817.54,12297654.63,33914791.39,14100970.98,12073515.1,0.0255,0.172,0.162,0,0,0,0.8611,0.3072,0.4973,0.0234,0.2784
short,ASSnone_HCR7_RECmix_INNvar_OERnone,ASSnone,HCR7,RECmix,INNvar,OERnone,4058518.999,11555932.79,33253168.65,13363457.45,11978120.27,0.1174,0.33,0.319,0,0,0,0.8208,0.2739,0.4516,0.0204,0.2484
short,ASSnone_HCR8_REClow_INNvar_OERnone,ASSnone,HCR8,REClow,INNvar,OERnone,3053175.417,6993471.07,15883090.83,7640147.283,6867710.637,0.6417,0.988,0.742,0.0011,0.007,0.003,0.5001,0.0236,0.0905,0,0.0195
short,ASSnone_HCR8_REClowmed_INNvar_OERnone,ASSnone,HCR8,REClowmed,INNvar,OERnone,4414303.359,12261654.42,33893363.34,14059628.21,12073515.1,0.0542,0.279,0.162,1.00E-04,0.001,0.001,0.8597,0.3044,0.495,0.023,0.2765
short,ASSnone_HCR8_RECmix_INNvar_OERnone,ASSnone,HCR8,RECmix,INNvar,OERnone,3798939.177,10755547.21,32279049.44,12631992.74,11113068.94,0.233,0.411,0.319,7.00E-04,0.003,0.002,0.7784,0.243,0.4048,0.0179,0.2202
short,ASSnone_HCR9_REClow_INNvar_OERnone,ASSnone,HCR9,REClow,INNvar,OERnone,3053175.417,6993471.07,15883090.83,7640135.473,6867710.637,0.6462,0.99,0.749,0.0012,0.008,0.003,0.5001,0.0236,0.0905,0,0.0195
short,ASSnone_HCR9_REClowmed_INNvar_OERnone,ASSnone,HCR9,REClowmed,INNvar,OERnone,4413436.787,12254473.28,33893363.34,14055779.19,12073515.1,0.0574,0.292,0.162,1.00E-04,0.001,0.001,0.8596,0.3043,0.4947,0.023,0.2762
short,ASSnone_HCR9_RECmix_INNvar_OERnone,ASSnone,HCR9,RECmix,INNvar,OERnone,3795665.103,10734177.97,32142558.51,12605070.33,11106642.51,0.237,0.422,0.319,8.00E-04,0.004,0.002,0.7763,0.2422,0.4038,0.0176,0.2196
short,ASSss3_HCR0_REClow_INNvar_OERnaq,ASSss3,HCR0,REClow,INNvar,OERnaq,3076633.393,6959280.551,15794403.32,7587781.921,7283678.954,0.6389,0.992,0.748,0.0075,0.051,0.016,0.495,0.0236,0.0856,0,0.019
short,ASSss3_HCR0_REClowmed_INNvar_OERnaq,ASSss3,HCR0,REClowmed,INNvar,OERnaq,4390688.576,12078534.36,34511376.17,13911895.94,12231918.36,0.0738,0.35,0.166,4.00E-04,0.003,0.002,0.8543,0.2919,0.4816,0.0256,0.2632
short,ASSss3_HCR0_RECmix_INNvar_OERnaq,ASSss3,HCR0,RECmix,INNvar,OERnaq,3807881.366,10583517.87,31868615.92,12453915.92,11292278.92,0.2397,0.47,0.315,0.0028,0.018,0.006,0.7755,0.2348,0.3924,0.0196,0.2082
short,ASSss3_HCR10_REClow_INNvar_OERnaq,ASSss3,HCR10,REClow,INNvar,OERnaq,3056025.734,6999114.045,15752897.53,7605145.718,7192302.697,0.6914,0.994,0.803,0.0096,0.06,0.022,0.5008,0.0234,0.0867,1.00E-04,0.0181
short,ASSss3_HCR10_REClowmed_INNvar_OERnaq,ASSss3,HCR10,REClowmed,INNvar,OERnaq,4466287.412,12180879.68,34961607.65,14020435.15,12371279.92,0.069,0.324,0.175,7.00E-04,0.004,0.002,0.858,0.2978,0.4873,0.0272,0.27
short,ASSss3_HCR10_RECmix_INNvar_OERnaq,ASSss3,HCR10,RECmix,INNvar,OERnaq,3784048.729,10380830.61,31736304.68,12290872.98,10779354.5,0.2742,0.452,0.319,0.0032,0.019,0.007,0.7655,0.2236,0.3775,0.019,0.2009
short,ASSss3_HCR11_REClow_INNvar_OERnaq,ASSss3,HCR11,REClow,INNvar,OERnaq,3067613.758,6949634.944,15747052.88,7575171.787,7268892.422,0.4761,0.925,0.538,1.00E-04,0.001,0.001,0.4936,0.023,0.0835,1.00E-04,0.0188
short,ASSss3_HCR11_REClowmed_INNvar_OERnaq,ASSss3,HCR11,REClowmed,INNvar,OERnaq,4474535.097,12108345.03,34511480.14,13952388.5,12358665.11,0.0345,0.203,0.178,1.00E-04,0.001,0.001,0.8578,0.2962,0.4836,0.0256,0.2663
short,ASSss3_HCR11_RECmix_INNvar_OERnaq,ASSss3,HCR11,RECmix,INNvar,OERnaq,3897326.153,11027059.91,33150475.4,12856490.56,12109739.93,0.1698,0.34,0.317,3.00E-04,0.002,0.001,0.7928,0.2526,0.4161,0.0218,0.2265
short,ASSss3_HCR13_REClow_INNvar_OERnaq,ASSss3,HCR13,REClow,INNvar,OERnaq,3044355.636,6961008.848,15777667.63,7586221.281,7144664.523,0.6636,0.988,0.775,0.0064,0.043,0.018,0.4949,0.0233,0.0865,1.00E-04,0.0186
short,ASSss3_HCR13_REClowmed_INNvar_OERnaq,ASSss3,HCR13,REClowmed,INNvar,OERnaq,4442236.107,12227610.73,34961607.65,14087410.76,12753285.46,0.0563,0.274,0.176,7.00E-04,0.005,0.004,0.859,0.2985,0.4915,0.027,0.2699
short,ASSss3_HCR13_RECmix_INNvar_OERnaq,ASSss3,HCR13,RECmix,INNvar,OERnaq,3715426.18,10526645.62,33034385.81,12481960.27,11171063.38,0.2521,0.406,0.319,0.0024,0.014,0.005,0.7673,0.2329,0.394,0.0213,0.2087
short,ASSss3_HCR14_REClow_INNvar_OERnaq,ASSss3,HCR14,REClow,INNvar,OERnaq,3081961.356,6960251.031,15713656.71,7582900.65,7204773.829,0.6427,0.981,0.756,0.0046,0.029,0.012,0.4951,0.0224,0.086,1.00E-04,0.0179
short,ASSss3_HCR14_REClowmed_INNvar_OERnaq,ASSss3,HCR14,REClowmed,INNvar,OERnaq,4365486.001,12202333.51,33893363.34,13974866.97,12963829.33,0.0514,0.252,0.169,6.00E-04,0.004,0.002,0.8549,0.2992,0.4906,0.0237,0.2686
short,ASSss3_HCR14_RECmix_INNvar_OERnaq,ASSss3,HCR14,RECmix,INNvar,OERnaq,3737848.767,10612038.84,32289718.56,12496276.62,11262289.92,0.2325,0.388,0.324,0.0025,0.016,0.005,0.773,0.2343,0.3955,0.0188,0.2095
short,ASSss3_HCR7_REClow_INNvar_OERnaq,ASSss3,HCR7,REClow,INNvar,OERnaq,3045985.83,6939090.607,15713656.71,7565513.118,7117360.063,0.3278,0.776,0.374,2.00E-04,0.002,0.002,0.4908,0.0223,0.0846,0,0.0174
short,ASSss3_HCR7_REClowmed_INNvar_OERnaq,ASSss3,HCR7,REClowmed,INNvar,OERnaq,4390755.828,12207077.08,34270345.97,13979990.89,12371279.92,0.0291,0.188,0.177,2.00E-04,0.002,0.002,0.8574,0.2969,0.4895,0.0249,0.2671
short,ASSss3_HCR7_RECmix_INNvar_OERnaq,ASSss3,HCR7,RECmix,INNvar,OERnaq,3939730.123,11403538.33,33356179.66,13239744.97,12238470.57,0.1234,0.331,0.322,0,0,0,0.8146,0.2669,0.4413,0.0211,0.2386
short,ASSss3_HCR8_REClow_INNvar_OERnaq,ASSss3,HCR8,REClow,INNvar,OERnaq,3090417.962,6999381.259,15936429.33,7633648.207,7337299.112,0.6692,0.99,0.784,0.0054,0.037,0.014,0.5012,0.0248,0.0881,0,0.0192
short,ASSss3_HCR8_REClowmed_INNvar_OERnaq,ASSss3,HCR8,REClowmed,INNvar,OERnaq,4424013.949,12085935.24,33671151.53,13846478.18,12430340.09,0.0642,0.296,0.181,8.00E-04,0.005,0.003,0.8538,0.2899,0.4815,0.0232,0.2619
short,ASSss3_HCR8_RECmix_INNvar_OERnaq,ASSss3,HCR8,RECmix,INNvar,OERnaq,3694266.751,10403379.45,32039268.52,12311006.17,11098151.98,0.2614,0.424,0.323,0.0025,0.014,0.006,0.7641,0.2233,0.3848,0.0191,0.2005
short,ASSss3_HCR9_REClow_INNvar_OERnaq,ASSss3,HCR9,REClow,INNvar,OERnaq,3073389.172,6961008.848,15713656.71,7583796.832,7039797.549,0.6867,0.993,0.811,0.0085,0.055,0.021,0.4957,0.0225,0.0868,1.00E-04,0.0176
short,ASSss3_HCR9_REClowmed_INNvar_OERnaq,ASSss3,HCR9,REClowmed,INNvar,OERnaq,4438034.004,12144173.25,33815360.56,13897644.38,12462637.18,0.0694,0.303,0.177,7.00E-04,0.004,0.002,0.8574,0.2975,0.4845,0.0233,0.2656
short,ASSss3_HCR9_RECmix_INNvar_OERnaq,ASSss3,HCR9,RECmix,INNvar,OERnaq,3721938.581,10375841.64,31490369.04,12204823.41,10690638.75,0.2722,0.429,0.328,0.0027,0.017,0.008,0.7606,0.2228,0.3753,0.0176,0.1991
med,ASSnone_HCR0_REClow_INNvar_OERnone,ASSnone,HCR0,REClow,INNvar,OERnone,3054051.621,6998632.964,16235522.46,7669472.072,6951757.532,0.5688,0.994,0.595,0,0,0,0.5008,0.0266,0.0933,2.00E-04,0.0209
med,ASSnone_HCR0_REClowmed_INNvar_OERnone,ASSnone,HCR0,REClowmed,INNvar,OERnone,4404643.169,12322369.71,34751621.42,14182572.65,12164853.5,0.0282,0.167,0.033,0,0,0,0.8538,0.3091,0.4982,0.0263,0.2791
med,ASSnone_HCR0_RECmix_INNvar_OERnone,ASSnone,HCR0,RECmix,INNvar,OERnone,4112256.594,11848869.73,34267593.38,13727826.82,11703374.05,0.075,0.202,0.08,0,0,0,0.8291,0.2892,0.4703,0.0247,0.2608
med,ASSnone_HCR10_REClow_INNvar_OERnone,ASSnone,HCR10,REClow,INNvar,OERnone,3053424.226,6998255.463,16235522.46,7668273.986,6951757.532,0.7288,0.997,0.749,0.0042,0.028,0.008,0.5007,0.0266,0.0933,2.00E-04,0.0209
med,ASSnone_HCR10_REClowmed_INNvar_OERnone,ASSnone,HCR10,REClowmed,INNvar,OERnone,4404823.836,12326503.5,34789393.18,14182847.22,12127909.68,0.0246,0.13,0.03,0,0,0,0.8537,0.3087,0.4987,0.0264,0.2794
med,ASSnone_HCR10_RECmix_INNvar_OERnone,ASSnone,HCR10,RECmix,INNvar,OERnone,4051785.334,11649176.44,34016580.02,13505939.95,11394646.79,0.1096,0.205,0.121,6.00E-04,0.004,0.001,0.8151,0.28,0.4581,0.0237,0.2519
med,ASSnone_HCR11_REClow_INNvar_OERnone,ASSnone,HCR11,REClow,INNvar,OERnone,3054051.621,6998255.463,16235522.46,7669405.058,6951757.532,0.4919,0.918,0.505,4.00E-04,0.004,0.002,0.5007,0.0266,0.0933,2.00E-04,0.0209
med,ASSnone_HCR11_REClowmed_INNvar_OERnone,ASSnone,HCR11,REClowmed,INNvar,OERnone,4439804.906,12357463.15,34923321.17,14211068.96,12256182.55,0.001,0.007,0.003,0,0,0,0.855,0.3099,0.5007,0.0266,0.2806
med,ASSnone_HCR11_RECmix_INNvar_OERnone,ASSnone,HCR11,RECmix,INNvar,OERnone,4403120.888,12301970.11,34751621.42,14155972.21,12164853.5,0.0084,0.021,0.013,0,0,0,0.8515,0.3078,0.4974,0.0263,0.2786
med,ASSnone_HCR13_REClow_INNvar_OERnone,ASSnone,HCR13,REClow,INNvar,OERnone,3053424.226,6998255.463,16235522.46,7668290.768,6951757.532,0.7177,0.992,0.737,0.004,0.026,0.008,0.5007,0.0266,0.0933,2.00E-04,0.0209
med,ASSnone_HCR13_REClowmed_INNvar_OERnone,ASSnone,HCR13,REClowmed,INNvar,OERnone,4431226.712,12345799.16,34837685.71,14199176.02,12237231.47,0.0118,0.067,0.014,0,0,0,0.8543,0.3095,0.4999,0.0265,0.2799
med,ASSnone_HCR13_RECmix_INNvar_OERnone,ASSnone,HCR13,RECmix,INNvar,OERnone,4180732.297,11959706.54,34326602.95,13797238.52,11827479.16,0.0655,0.12,0.072,2.00E-04,0.001,0.001,0.83,0.293,0.4763,0.0249,0.2645
med,ASSnone_HCR14_REClow_INNvar_OERnone,ASSnone,HCR14,REClow,INNvar,OERnone,3054051.621,6998255.463,16235522.46,7668309.869,6951757.532,0.7049,0.99,0.721,0.0039,0.026,0.008,0.5007,0.0266,0.0933,2.00E-04,0.0209
med,ASSnone_HCR14_REClowmed_INNvar_OERnone,ASSnone,HCR14,REClowmed,INNvar,OERnone,4431355.614,12346594.17,34837685.71,14203705.18,12237231.47,0.0083,0.048,0.013,0,0,0,0.8546,0.3098,0.5001,0.0265,0.2802
med,ASSnone_HCR14_RECmix_INNvar_OERnone,ASSnone,HCR14,RECmix,INNvar,OERnone,4229142.61,12019175.38,34497573.91,13861465.7,11845269.08,0.0541,0.102,0.061,2.00E-04,0.001,0.001,0.835,0.2953,0.4794,0.0252,0.2667
med,ASSnone_HCR7_REClow_INNvar_OERnone,ASSnone,HCR7,REClow,INNvar,OERnone,3054051.621,6998632.964,16235522.46,7669472.072,6951757.532,0.2899,0.743,0.304,0,0,0,0.5008,0.0266,0.0933,2.00E-04,0.0209
med,ASSnone_HCR7_REClowmed_INNvar_OERnone,ASSnone,HCR7,REClowmed,INNvar,OERnone,4439804.906,12358286.07,34923321.17,14211848.56,12256182.55,1.00E-04,0.001,0.001,0,0,0,0.855,0.3099,0.5008,0.0266,0.2806
med,ASSnone_HCR7_RECmix_INNvar_OERnone,ASSnone,HCR7,RECmix,INNvar,OERnone,4438678.995,12346208.71,34923321.17,14202093.8,12243813.65,0.0016,0.004,0.003,0,0,0,0.8543,0.3094,0.5,0.0266,0.2801
med,ASSnone_HCR8_REClow_INNvar_OERnone,ASSnone,HCR8,REClow,INNvar,OERnone,3053424.226,6998255.463,16235522.46,7668285.03,6951757.532,0.7239,0.994,0.744,0.0041,0.027,0.008,0.5007,0.0266,0.0933,2.00E-04,0.0209
med,ASSnone_HCR8_REClowmed_INNvar_OERnone,ASSnone,HCR8,REClowmed,INNvar,OERnone,4411863.792,12338374.68,34837685.71,14194025.64,12205424.93,0.0161,0.086,0.021,0,0,0,0.8542,0.309,0.4995,0.0265,0.2796
med,ASSnone_HCR8_RECmix_INNvar_OERnone,ASSnone,HCR8,RECmix,INNvar,OERnone,4131705.281,11833996.77,34222893.2,13677090.23,11743762.49,0.0829,0.151,0.092,5.00E-04,0.004,0.001,0.8243,0.2875,0.4688,0.0244,0.2596
med,ASSnone_HCR9_REClow_INNvar_OERnone,ASSnone,HCR9,REClow,INNvar,OERnone,3053424.226,6998255.463,16235522.46,7668278.923,6951757.532,0.7269,0.995,0.747,0.0041,0.027,0.008,0.5007,0.0266,0.0933,2.00E-04,0.0209
med,ASSnone_HCR9_REClowmed_INNvar_OERnone,ASSnone,HCR9,REClowmed,INNvar,OERnone,4411863.792,12328791.76,34789393.18,14188210.2,12143696.03,0.0206,0.112,0.026,0,0,0,0.8541,0.3087,0.4988,0.0264,0.2795
med,ASSnone_HCR9_RECmix_INNvar_OERnone,ASSnone,HCR9,RECmix,INNvar,OERnone,4099304.032,11737267.89,34129642.51,13588508.49,11601242.96,0.0955,0.183,0.104,5.00E-04,0.004,0.001,0.8203,0.2836,0.4633,0.024,0.2555
med,ASSss3_HCR0_REClow_INNvar_OERnaq,ASSss3,HCR0,REClow,INNvar,OERnaq,3091859.689,7009673.491,16044442.08,7686515.554,6836782.187,0.7911,1,0.805,0.027,0.158,0.037,0.5019,0.0251,0.097,2.00E-04,0.0199
med,ASSss3_HCR0_REClowmed_INNvar_OERnaq,ASSss3,HCR0,REClowmed,INNvar,OERnaq,4385077.577,12256757.38,34364032.99,14170796.38,11936774.73,0.0557,0.251,0.068,6.00E-04,0.003,0.002,0.8567,0.3059,0.4939,0.025,0.2784
med,ASSss3_HCR0_RECmix_INNvar_OERnaq,ASSss3,HCR0,RECmix,INNvar,OERnaq,3864251.479,10942603.97,33119308.77,12919624.37,10780777.56,0.2029,0.361,0.218,0.0068,0.032,0.011,0.7901,0.253,0.4167,0.0204,0.2291
med,ASSss3_HCR10_REClow_INNvar_OERnaq,ASSss3,HCR10,REClow,INNvar,OERnaq,3122583.486,7008918.374,15860318.22,7656557.911,6778216.42,0.8397,0.999,0.855,0.0398,0.208,0.051,0.5016,0.0241,0.0928,2.00E-04,0.0186
med,ASSss3_HCR10_REClowmed_INNvar_OERnaq,ASSss3,HCR10,REClowmed,INNvar,OERnaq,4404195.597,12310440.91,34185084.49,14207403.41,12192309.06,0.0301,0.157,0.038,0,0,0,0.8602,0.3083,0.4974,0.0245,0.2816
med,ASSss3_HCR10_RECmix_INNvar_OERnaq,ASSss3,HCR10,RECmix,INNvar,OERnaq,3781281.497,11037305.95,32981166.58,12978878.3,11246872.02,0.1882,0.302,0.202,0.0113,0.043,0.015,0.801,0.2525,0.4229,0.0204,0.2301
med,ASSss3_HCR11_REClow_INNvar_OERnaq,ASSss3,HCR11,REClow,INNvar,OERnaq,3126049.225,7011514.814,15947347.44,7711345.165,6850453.666,0.5239,0.929,0.55,2.00E-04,0.001,0.001,0.5025,0.0247,0.0982,0,0.0197
med,ASSss3_HCR11_REClowmed_INNvar_OERnaq,ASSss3,HCR11,REClowmed,INNvar,OERnaq,4472760.801,12365091.77,34015837.9,14232835.9,12204592.74,6.00E-04,0.004,0.002,0,0,0,0.8659,0.3077,0.5007,0.0238,0.2799
med,ASSss3_HCR11_RECmix_INNvar_OERnaq,ASSss3,HCR11,RECmix,INNvar,OERnaq,4448246.08,12300481.51,33969509.87,14197904.22,12406554.78,0.0113,0.023,0.017,0,0,0,0.8612,0.3078,0.4967,0.024,0.2803
med,ASSss3_HCR13_REClow_INNvar_OERnaq,ASSss3,HCR13,REClow,INNvar,OERnaq,3072224.178,7010565.097,15803322.36,7676843.779,6805269.584,0.7997,0.996,0.819,0.0288,0.159,0.04,0.5022,0.0236,0.0952,1.00E-04,0.0185
med,ASSss3_HCR13_REClowmed_INNvar_OERnaq,ASSss3,HCR13,REClowmed,INNvar,OERnaq,4472760.801,12468644.41,34448660.29,14286172.77,12210966.89,0.0094,0.057,0.015,0,0,0,0.8646,0.3083,0.5064,0.0253,0.2801
med,ASSss3_HCR13_RECmix_INNvar_OERnaq,ASSss3,HCR13,RECmix,INNvar,OERnaq,4012729.604,11728452.23,34072277.99,13629561.18,11891771.32,0.1174,0.173,0.139,0.0057,0.028,0.009,0.8212,0.2839,0.4631,0.0245,0.2581
med,ASSss3_HCR14_REClow_INNvar_OERnaq,ASSss3,HCR14,REClow,INNvar,OERnaq,3122381.446,7019899.116,16098381.94,7704834.638,6788475.662,0.7562,0.989,0.784,0.0206,0.117,0.028,0.5042,0.0257,0.0966,0,0.02
med,ASSss3_HCR14_REClowmed_INNvar_OERnaq,ASSss3,HCR14,REClowmed,INNvar,OERnaq,4457028.878,12328699.61,34397149.8,14245895.12,12370701.66,0.0049,0.028,0.01,0,0,0,0.8643,0.3063,0.4989,0.0252,0.2813
med,ASSss3_HCR14_RECmix_INNvar_OERnaq,ASSss3,HCR14,RECmix,INNvar,OERnaq,4044755.578,11778015.7,33487218.13,13656268.34,11795907.99,0.0855,0.126,0.102,0.0035,0.017,0.007,0.8312,0.2829,0.4652,0.0225,0.2604
med,ASSss3_HCR7_REClow_INNvar_OERnaq,ASSss3,HCR7,REClow,INNvar,OERnaq,3128420.493,7018409.266,16103774.16,7714143.268,7044556.666,0.2958,0.733,0.314,0,0,0,0.5034,0.0258,0.0989,1.00E-04,0.0202
med,ASSss3_HCR7_REClowmed_INNvar_OERnaq,ASSss3,HCR7,REClowmed,INNvar,OERnaq,4439804.906,12441415.33,34448660.29,14315549.6,12142048.22,1.00E-04,0.001,0.001,0,0,0,0.8635,0.3149,0.506,0.0256,0.2868
med,ASSss3_HCR7_RECmix_INNvar_OERnaq,ASSss3,HCR7,RECmix,INNvar,OERnaq,4439804.906,12403046.28,34573512.71,14321109.38,12344735.88,0.0014,0.003,0.002,0,0,0,0.8628,0.3135,0.5039,0.0258,0.2865
med,ASSss3_HCR8_REClow_INNvar_OERnaq,ASSss3,HCR8,REClow,INNvar,OERnaq,3075623.173,6989508.597,15857097.36,7649552.492,6744061.286,0.8181,0.996,0.833,0.0347,0.179,0.047,0.4995,0.0237,0.0958,1.00E-04,0.0189
med,ASSss3_HCR8_REClowmed_INNvar_OERnaq,ASSss3,HCR8,REClowmed,INNvar,OERnaq,4472769.902,12395029.41,34448660.29,14265193.4,12550644.76,0.0163,0.088,0.023,2.00E-04,0.001,0.001,0.8652,0.3079,0.5029,0.0254,0.2804
med,ASSss3_HCR8_RECmix_INNvar_OERnaq,ASSss3,HCR8,RECmix,INNvar,OERnaq,3930331.014,11498056.13,33481786.67,13345269.18,11632695.94,0.1446,0.209,0.157,0.0075,0.032,0.011,0.8152,0.2678,0.4465,0.0222,0.2431
med,ASSss3_HCR9_REClow_INNvar_OERnaq,ASSss3,HCR9,REClow,INNvar,OERnaq,3058561.07,6976676.8,16011145.47,7665845.53,6783848.849,0.8289,0.999,0.841,0.0395,0.196,0.051,0.4973,0.025,0.0942,1.00E-04,0.0193
med,ASSss3_HCR9_REClowmed_INNvar_OERnaq,ASSss3,HCR9,REClowmed,INNvar,OERnaq,4417660.637,12352800.91,34072277.99,14204152.55,12543030.6,0.0232,0.127,0.027,2.00E-04,0.001,0.001,0.8635,0.3074,0.5002,0.0239,0.2806
med,ASSss3_HCR9_RECmix_INNvar_OERnaq,ASSss3,HCR9,RECmix,INNvar,OERnaq,3872116.494,11222447.91,32972773.28,13134032.65,11528923.87,0.1694,0.263,0.183,0.0102,0.04,0.013,0.8026,0.2614,0.4309,0.0201,0.2389
last,ASSnone_HCR0_REClow_INNvar_OERnone,ASSnone,HCR0,REClow,INNvar,OERnone,3042261.7,6970312.182,15954441.24,7629380.977,7037890.162,0.5729,0.993,0.587,2.00E-04,0.001,0.001,0.4972,0.0243,0.0883,1.00E-04,0.0194
last,ASSnone_HCR0_REClowmed_INNvar_OERnone,ASSnone,HCR0,REClowmed,INNvar,OERnone,4407352.233,12283093.78,34052097.27,14083933.66,12440812.66,0.0277,0.166,0.035,0,0,0,0.8593,0.3065,0.496,0.0241,0.2767
last,ASSnone_HCR0_RECmix_INNvar_OERnone,ASSnone,HCR0,RECmix,INNvar,OERnone,4104800.879,11819773.48,33672135.47,13660246.41,11841405.22,0.0702,0.203,0.081,0,0,0,0.8336,0.2885,0.4702,0.0227,0.2607
last,ASSnone_HCR10_REClow_INNvar_OERnone,ASSnone,HCR10,REClow,INNvar,OERnone,3036505.445,6969611.293,15954441.24,7628742.822,7036466.562,0.7352,0.998,0.762,0.0022,0.016,0.006,0.4971,0.0243,0.0883,1.00E-04,0.0194
last,ASSnone_HCR10_REClowmed_INNvar_OERnone,ASSnone,HCR10,REClowmed,INNvar,OERnone,4404445.951,12286224.56,34104599.81,14085150.54,12440812.66,0.0224,0.127,0.028,1.00E-04,0.001,0.001,0.8595,0.3067,0.4963,0.0241,0.2768
last,ASSnone_HCR10_RECmix_INNvar_OERnone,ASSnone,HCR10,RECmix,INNvar,OERnone,4077802.17,11663989.68,33620048.76,13522185.95,11657150.27,0.0903,0.194,0.101,3.00E-04,0.001,0.001,0.8258,0.2805,0.4607,0.0225,0.2528
last,ASSnone_HCR11_REClow_INNvar_OERnone,ASSnone,HCR11,REClow,INNvar,OERnone,3036505.445,6969611.293,15954441.24,7629253.131,7036466.562,0.495,0.914,0.507,4.00E-04,0.003,0.002,0.4971,0.0243,0.0883,1.00E-04,0.0194
last,ASSnone_HCR11_REClowmed_INNvar_OERnone,ASSnone,HCR11,REClowmed,INNvar,OERnone,4408336.604,12295051.81,34178433.09,14110698.8,12440812.66,7.00E-04,0.004,0.002,0,0,0,0.8602,0.3079,0.4971,0.0243,0.2777
last,ASSnone_HCR11_RECmix_INNvar_OERnone,ASSnone,HCR11,RECmix,INNvar,OERnone,4404445.951,12271590.67,34178433.09,14088394.92,12402287.51,0.0035,0.009,0.005,0,0,0,0.8591,0.3067,0.4955,0.0243,0.2765
last,ASSnone_HCR13_REClow_INNvar_OERnone,ASSnone,HCR13,REClow,INNvar,OERnone,3036505.445,6969611.293,15954441.24,7628752.54,7036466.562,0.7234,0.993,0.746,0.0022,0.016,0.006,0.4971,0.0243,0.0883,1.00E-04,0.0194
last,ASSnone_HCR13_REClowmed_INNvar_OERnone,ASSnone,HCR13,REClowmed,INNvar,OERnone,4408336.604,12294278.8,34178433.09,14100762.07,12440812.66,0.0101,0.057,0.016,1.00E-04,0.001,0.001,0.8599,0.3072,0.4969,0.0243,0.2774
last,ASSnone_HCR13_RECmix_INNvar_OERnone,ASSnone,HCR13,RECmix,INNvar,OERnone,4225682.743,11962147.48,33799431.22,13786133.63,12023364.74,0.0491,0.101,0.054,1.00E-04,0.001,0.001,0.8416,0.2924,0.477,0.0234,0.2635
last,ASSnone_HCR14_REClow_INNvar_OERnone,ASSnone,HCR14,REClow,INNvar,OERnone,3036505.445,6969611.293,15954441.24,7628766.532,7036466.562,0.7107,0.987,0.733,0.002,0.014,0.004,0.4971,0.0243,0.0883,1.00E-04,0.0194
last,ASSnone_HCR14_REClowmed_INNvar_OERnone,ASSnone,HCR14,REClowmed,INNvar,OERnone,4408336.604,12294278.8,34178433.09,14105458.16,12440812.66,0.0063,0.039,0.009,0,0,0,0.8599,0.3073,0.497,0.0243,0.2774
last,ASSnone_HCR14_RECmix_INNvar_OERnone,ASSnone,HCR14,RECmix,INNvar,OERnone,4302448.763,12083981.43,33890605.5,13917137.15,12132795.96,0.0291,0.066,0.032,0,0,0,0.8493,0.2985,0.4848,0.0239,0.2694
last,ASSnone_HCR7_REClow_INNvar_OERnone,ASSnone,HCR7,REClow,INNvar,OERnone,3042261.7,6970312.182,15954441.24,7629402.872,7037890.162,0.3023,0.744,0.32,1.00E-04,0.001,0.001,0.4972,0.0243,0.0883,1.00E-04,0.0194
last,ASSnone_HCR7_REClowmed_INNvar_OERnone,ASSnone,HCR7,REClowmed,INNvar,OERnone,4418655.567,12296578.23,34178433.09,14111315.94,12443920.03,2.00E-04,0.001,0.001,0,0,0,0.8602,0.3079,0.4972,0.0243,0.2777
last,ASSnone_HCR7_RECmix_INNvar_OERnone,ASSnone,HCR7,RECmix,INNvar,OERnone,4408336.604,12295051.81,34178433.09,14110704.6,12440812.66,2.00E-04,0.001,0.001,0,0,0,0.8602,0.3079,0.4971,0.0243,0.2777
last,ASSnone_HCR8_REClow_INNvar_OERnone,ASSnone,HCR8,REClow,INNvar,OERnone,3036505.445,6969611.293,15954441.24,7628743.523,7036466.562,0.73,0.995,0.754,0.0022,0.016,0.006,0.4971,0.0243,0.0883,1.00E-04,0.0194
last,ASSnone_HCR8_REClowmed_INNvar_OERnone,ASSnone,HCR8,REClowmed,INNvar,OERnone,4408284.505,12293079.33,34178433.09,14095496.44,12440812.66,0.0139,0.079,0.018,1.00E-04,0.001,0.001,0.8597,0.3072,0.4968,0.0243,0.2773
last,ASSnone_HCR8_RECmix_INNvar_OERnone,ASSnone,HCR8,RECmix,INNvar,OERnone,4183024.068,11858687.68,33739572.42,13705141.28,11827208.26,0.0613,0.134,0.066,1.00E-04,0.001,0.001,0.8367,0.2886,0.4715,0.0231,0.2602
last,ASSnone_HCR9_REClow_INNvar_OERnone,ASSnone,HCR9,REClow,INNvar,OERnone,3036505.445,6969611.293,15954441.24,7628742.822,7036466.562,0.7331,0.997,0.761,0.0022,0.016,0.006,0.4971,0.0243,0.0883,1.00E-04,0.0194
last,ASSnone_HCR9_REClowmed_INNvar_OERnone,ASSnone,HCR9,REClowmed,INNvar,OERnone,4408284.505,12288909.68,34105729.54,14090170.45,12440812.66,0.0185,0.109,0.023,1.00E-04,0.001,0.001,0.8597,0.3071,0.4965,0.0242,0.2771
last,ASSnone_HCR9_RECmix_INNvar_OERnone,ASSnone,HCR9,RECmix,INNvar,OERnone,4121113.255,11742490.22,33639319.22,13602498.23,11721720.84,0.0782,0.169,0.087,3.00E-04,0.001,0.001,0.83,0.2841,0.4653,0.0228,0.2562
last,ASSss3_HCR0_REClow_INNvar_OERnaq,ASSss3,HCR0,REClow,INNvar,OERnaq,3010274.82,7035926.179,15961609.63,7677292.173,6931554.34,0.8337,1,0.859,0.0416,0.242,0.061,0.5046,0.0247,0.0893,0,0.0172
last,ASSss3_HCR0_REClowmed_INNvar_OERnaq,ASSss3,HCR0,REClowmed,INNvar,OERnaq,4378309.664,12303485.62,34381546.17,14121829.15,12137197.6,0.0466,0.224,0.06,2.00E-04,0.002,0.002,0.8602,0.3118,0.497,0.0251,0.2849
last,ASSss3_HCR0_RECmix_INNvar_OERnaq,ASSss3,HCR0,RECmix,INNvar,OERnaq,3869000.074,11003847.3,32490507.76,12884035.09,11133542.47,0.1999,0.343,0.21,0.0053,0.035,0.009,0.7945,0.2561,0.4179,0.0202,0.2319
last,ASSss3_HCR10_REClow_INNvar_OERnaq,ASSss3,HCR10,REClow,INNvar,OERnaq,3026938.5,7049920.508,15961609.63,7661367.189,7055953.786,0.8559,0.998,0.873,0.0553,0.268,0.071,0.5071,0.0247,0.0849,0,0.0187
last,ASSss3_HCR10_REClowmed_INNvar_OERnaq,ASSss3,HCR10,REClowmed,INNvar,OERnaq,4378316.107,12389103.57,33834006.34,14107864.58,12489125.65,0.0288,0.141,0.041,4.00E-04,0.004,0.003,0.8637,0.31,0.5025,0.0246,0.2828
last,ASSss3_HCR10_RECmix_INNvar_OERnaq,ASSss3,HCR10,RECmix,INNvar,OERnaq,3834005.12,11206678.43,32777270.53,13031984.43,11349114.73,0.1699,0.267,0.178,0.0053,0.032,0.007,0.7987,0.2621,0.4315,0.0203,0.2397
last,ASSss3_HCR11_REClow_INNvar_OERnaq,ASSss3,HCR11,REClow,INNvar,OERnaq,2995125.333,7049477.077,16098399.03,7659824.861,7083746.911,0.555,0.945,0.569,3.00E-04,0.003,0.002,0.5064,0.0261,0.0892,0,0.0185
last,ASSss3_HCR11_REClowmed_INNvar_OERnaq,ASSss3,HCR11,REClowmed,INNvar,OERnaq,4424554.045,12411866.81,34178470.02,14193697.76,12382462.86,3.00E-04,0.002,0.001,0,0,0,0.8674,0.3181,0.5042,0.0245,0.2905
last,ASSss3_HCR11_RECmix_INNvar_OERnaq,ASSss3,HCR11,RECmix,INNvar,OERnaq,4407296.547,12342836.3,33434123.13,14120536.68,12208202.44,0.0045,0.01,0.006,0,0,0,0.8625,0.3142,0.4998,0.0227,0.2866
last,ASSss3_HCR13_REClow_INNvar_OERnaq,ASSss3,HCR13,REClow,INNvar,OERnaq,2983674.98,7039966.331,15987634.4,7659035.213,7090451.523,0.8084,0.993,0.834,0.0358,0.177,0.043,0.5048,0.0249,0.0898,1.00E-04,0.0177
last,ASSss3_HCR13_REClowmed_INNvar_OERnaq,ASSss3,HCR13,REClowmed,INNvar,OERnaq,4435584.787,12467830.92,34211802.09,14230474.35,12180643.42,0.0086,0.049,0.014,0,0,0,0.8672,0.3168,0.5082,0.0248,0.292
last,ASSss3_HCR13_RECmix_INNvar_OERnaq,ASSss3,HCR13,RECmix,INNvar,OERnaq,4221167.138,11944562.09,33799031.63,13752042.15,11882026.6,0.0679,0.102,0.073,0.0013,0.009,0.005,0.8395,0.2975,0.476,0.0238,0.2737
last,ASSss3_HCR14_REClow_INNvar_OERnaq,ASSss3,HCR14,REClow,INNvar,OERnaq,2983834.899,7003088.476,15833439.69,7633794.438,7022864.892,0.7777,0.988,0.798,0.0256,0.133,0.038,0.5013,0.0239,0.0869,0,0.0166
last,ASSss3_HCR14_REClowmed_INNvar_OERnaq,ASSss3,HCR14,REClowmed,INNvar,OERnaq,4314137.004,12499734.28,33819085.03,14212741.54,12222441.27,0.0047,0.029,0.007,0,0,0,0.8638,0.3178,0.5117,0.024,0.2903
last,ASSss3_HCR14_RECmix_INNvar_OERnaq,ASSss3,HCR14,RECmix,INNvar,OERnaq,4223296.959,12157522.03,33818899.54,13899021.64,11864335.99,0.0443,0.07,0.049,9.00E-04,0.007,0.002,0.8464,0.3002,0.4902,0.0238,0.2745
last,ASSss3_HCR7_REClow_INNvar_OERnaq,ASSss3,HCR7,REClow,INNvar,OERnaq,3033536.584,7024636.914,16031020.27,7642671.141,7038986.871,0.2888,0.736,0.311,0,0,0,0.5043,0.0251,0.086,0,0.017
last,ASSss3_HCR7_REClowmed_INNvar_OERnaq,ASSss3,HCR7,REClowmed,INNvar,OERnaq,4408284.505,12442503.35,33809043.47,14205465.71,12166804.43,0,0,0,0,0,0,0.8659,0.3158,0.5058,0.024,0.2892
last,ASSss3_HCR7_RECmix_INNvar_OERnaq,ASSss3,HCR7,RECmix,INNvar,OERnaq,4378995.946,12398956.6,33382368.76,14103220.14,12382462.86,0,0,0,0,0,0,0.8643,0.3125,0.5035,0.0225,0.2859
last,ASSss3_HCR8_REClow_INNvar_OERnaq,ASSss3,HCR8,REClow,INNvar,OERnaq,3050862.424,7007266.387,15846391.23,7633681.645,7055744.149,0.8323,0.995,0.853,0.0416,0.207,0.057,0.5016,0.0243,0.0869,0,0.0174
last,ASSss3_HCR8_REClowmed_INNvar_OERnaq,ASSss3,HCR8,REClowmed,INNvar,OERnaq,4327296.552,12386225.85,33579534.25,14124049.55,12171480.58,0.0139,0.079,0.02,0,0,0,0.8641,0.3117,0.5021,0.0233,0.2859
last,ASSss3_HCR8_RECmix_INNvar_OERnaq,ASSss3,HCR8,RECmix,INNvar,OERnaq,4033169.471,11805228.89,33431866.88,13590355.3,11613328.16,0.0903,0.155,0.094,0.0024,0.016,0.006,0.829,0.2881,0.4669,0.0224,0.2637
last,ASSss3_HCR9_REClow_INNvar_OERnaq,ASSss3,HCR9,REClow,INNvar,OERnaq,3026839.086,7019766.517,15950809.29,7654730.516,7063057.565,0.8455,0.996,0.864,0.0496,0.243,0.064,0.503,0.0245,0.0868,0,0.0183
last,ASSss3_HCR9_REClowmed_INNvar_OERnaq,ASSss3,HCR9,REClowmed,INNvar,OERnaq,4436471.226,12514927.43,34381071.05,14271622.9,12495564.67,0.0205,0.097,0.028,0,0,0,0.8648,0.3212,0.5121,0.0251,0.295
last,ASSss3_HCR9_RECmix_INNvar_OERnaq,ASSss3,HCR9,RECmix,INNvar,OERnaq,4028050.562,11615461.49,33298013.68,13407945.67,11507951.73,0.1279,0.195,0.14,0.0044,0.026,0.008,0.8162,0.281,0.4572,0.0222,0.2558
all,ASSnone_HCR0_REClow_INNvar_OERnone,ASSnone,HCR0,REClow,INNvar,OERnone,3047801.339,6993471.07,15934373,7641765.2,7037890.162,0.56436,1,0.597,6.00E-05,0.002,0.001,0.5001,0.02408,0.0893,1.00E-04,0.01928
all,ASSnone_HCR0_REClowmed_INNvar_OERnone,ASSnone,HCR0,REClowmed,INNvar,OERnone,4408987.8,12310014.41,34023712.79,14103985.83,12440812.66,0.03218,0.645,0.162,0,0,0,0.85848,0.30764,0.49784,0.02382,0.278
all,ASSnone_HCR0_RECmix_INNvar_OERnone,ASSnone,HCR0,RECmix,INNvar,OERnone,4077122.302,11711698.32,33467072.4,13529426.81,11841405.22,0.09424,0.716,0.319,0,0,0,0.82572,0.28242,0.46196,0.02186,0.25514
all,ASSnone_HCR10_REClow_INNvar_OERnone,ASSnone,HCR10,REClow,INNvar,OERnone,3046591.508,6993206.593,15934373,7640875.175,7036466.562,0.71392,1,0.762,0.00286,0.095,0.008,0.50002,0.02408,0.08928,1.00E-04,0.01926
all,ASSnone_HCR10_REClowmed_INNvar_OERnone,ASSnone,HCR10,REClowmed,INNvar,OERnone,4406401.744,12309160.67,34011616.08,14099076.77,12440812.66,0.03106,0.577,0.162,4.00E-05,0.002,0.001,0.8583,0.30734,0.4978,0.02378,0.27792
all,ASSnone_HCR10_RECmix_INNvar_OERnone,ASSnone,HCR10,RECmix,INNvar,OERnone,4003369.045,11449284.49,33210856.12,13256989.63,11657150.27,0.13536,0.665,0.319,0.00062,0.019,0.003,0.81018,0.27012,0.4452,0.02094,0.24354
all,ASSnone_HCR11_REClow_INNvar_OERnone,ASSnone,HCR11,REClow,INNvar,OERnone,3047332.904,6993275.781,15934373,7641687.514,7036466.562,0.48406,1,0.507,0.00032,0.014,0.002,0.50006,0.02408,0.0893,1.00E-04,0.01928
all,ASSnone_HCR11_REClowmed_INNvar_OERnone,ASSnone,HCR11,REClowmed,INNvar,OERnone,4422410.323,12332938.27,34101985.72,14128998.76,12440812.66,0.00724,0.222,0.162,0,0,0,0.85944,0.3087,0.49932,0.02402,0.27922
all,ASSnone_HCR11_RECmix_INNvar_OERnone,ASSnone,HCR11,RECmix,INNvar,OERnone,4279651.362,12064381.41,33814130.8,13866365.65,12402287.51,0.04198,0.369,0.319,6.00E-05,0.002,0.001,0.8443,0.29728,0.4827,0.0231,0.2688
all,ASSnone_HCR13_REClow_INNvar_OERnone,ASSnone,HCR13,REClow,INNvar,OERnone,3046591.508,6993206.593,15934373,7640899.042,7036466.562,0.70178,1,0.746,0.00274,0.09,0.008,0.50002,0.02408,0.08928,1.00E-04,0.01926
all,ASSnone_HCR13_REClowmed_INNvar_OERnone,ASSnone,HCR13,REClowmed,INNvar,OERnone,4418902.845,12323536.3,34040471.24,14113723.01,12440812.66,0.01904,0.407,0.162,4.00E-05,0.002,0.001,0.85882,0.30802,0.49866,0.02392,0.27862
all,ASSnone_HCR13_RECmix_INNvar_OERnone,ASSnone,HCR13,RECmix,INNvar,OERnone,4091297.476,11678582.88,33425304.98,13484286.1,12023364.74,0.10068,0.519,0.319,0.00038,0.011,0.002,0.82274,0.28036,0.45954,0.02176,0.25308
all,ASSnone_HCR14_REClow_INNvar_OERnone,ASSnone,HCR14,REClow,INNvar,OERnone,3047332.904,6993206.593,15934373,7640923.949,7036466.562,0.6874,1,0.733,0.00262,0.086,0.008,0.50002,0.02408,0.08928,1.00E-04,0.01926
all,ASSnone_HCR14_REClowmed_INNvar_OERnone,ASSnone,HCR14,REClowmed,INNvar,OERnone,4420656.186,12325735.03,34050806.66,14118452.63,12440812.66,0.01562,0.349,0.162,2.00E-05,0.001,0.001,0.85896,0.30826,0.49884,0.02392,0.27874
all,ASSnone_HCR14_RECmix_INNvar_OERnone,ASSnone,HCR14,RECmix,INNvar,OERnone,4131344.843,11767623.25,33497084.75,13572369.01,12132795.96,0.08672,0.476,0.319,0.00026,0.007,0.002,0.82796,0.28412,0.46492,0.02206,0.2566
all,ASSnone_HCR7_REClow_INNvar_OERnone,ASSnone,HCR7,REClow,INNvar,OERnone,3047801.339,6993471.07,15934373,7641773.448,7037890.162,0.29988,0.998,0.385,2.00E-05,0.001,0.001,0.5001,0.02408,0.0893,1.00E-04,0.01928
all,ASSnone_HCR7_REClowmed_INNvar_OERnone,ASSnone,HCR7,REClowmed,INNvar,OERnone,4427750.157,12336455.04,34102909.38,14131424.09,12443920.03,0.00522,0.177,0.162,0,0,0,0.85952,0.30892,0.49954,0.02404,0.2793
all,ASSnone_HCR7_RECmix_INNvar_OERnone,ASSnone,HCR7,RECmix,INNvar,OERnone,4322258.274,12162039.61,33889023.64,13967975.44,12440812.66,0.0262,0.333,0.319,0,0,0,0.85052,0.30166,0.48914,0.02342,0.27276
all,ASSnone_HCR8_REClow_INNvar_OERnone,ASSnone,HCR8,REClow,INNvar,OERnone,3046591.508,6993206.593,15934373,7640885.206,7036466.562,0.7085,1,0.754,0.00282,0.093,0.008,0.50002,0.02408,0.08928,1.00E-04,0.01926
all,ASSnone_HCR8_REClowmed_INNvar_OERnone,ASSnone,HCR8,REClowmed,INNvar,OERnone,4411994.286,12318203.42,34030129.28,14108698.88,12440812.66,0.02328,0.474,0.162,4.00E-05,0.002,0.001,0.85866,0.30782,0.49838,0.02388,0.2784
all,ASSnone_HCR8_RECmix_INNvar_OERnone,ASSnone,HCR8,RECmix,INNvar,OERnone,4058815.855,11604059.42,33332086.41,13400852.19,11827208.26,0.11284,0.577,0.319,0.00048,0.016,0.002,0.81852,0.27642,0.45424,0.02144,0.24958
all,ASSnone_HCR9_REClow_INNvar_OERnone,ASSnone,HCR9,REClow,INNvar,OERnone,3046591.508,6993206.593,15934373,7640877.727,7036466.562,0.71198,1,0.761,0.00284,0.094,0.008,0.50002,0.02408,0.08928,1.00E-04,0.01926
all,ASSnone_HCR9_REClowmed_INNvar_OERnone,ASSnone,HCR9,REClowmed,INNvar,OERnone,4408336.604,12310686.43,34014512.19,14103641.43,12440812.66,0.02742,0.531,0.162,4.00E-05,0.002,0.001,0.85858,0.30762,0.498,0.02384,0.27814
all,ASSnone_HCR9_RECmix_INNvar_OERnone,ASSnone,HCR9,RECmix,INNvar,OERnone,4032896.749,11522842.13,33251660.27,13327799.12,11721720.84,0.12426,0.632,0.319,0.00056,0.018,0.002,0.81422,0.27342,0.44966,0.02116,0.24676
all,ASSss3_HCR0_REClow_INNvar_OERnaq,ASSss3,HCR0,REClow,INNvar,OERnaq,3048917.953,7006688.918,15963065.29,7649524.9,6931554.34,0.76562,1,0.859,0.0255,0.497,0.061,0.5016,0.02454,0.08992,4.00E-05,0.0189
all,ASSss3_HCR0_REClowmed_INNvar_OERnaq,ASSss3,HCR0,REClowmed,INNvar,OERnaq,4385657.671,12256842.08,34343909.99,14075661.57,12137197.6,0.05204,0.718,0.166,0.00032,0.011,0.002,0.85786,0.30526,0.49422,0.02494,0.27776
all,ASSss3_HCR0_RECmix_INNvar_OERnaq,ASSss3,HCR0,RECmix,INNvar,OERnaq,3830387.518,10938869.83,32482267.43,12825829.06,11133542.47,0.20398,0.778,0.315,0.00502,0.111,0.011,0.78942,0.25192,0.41646,0.01982,0.2276
all,ASSss3_HCR10_REClow_INNvar_OERnaq,ASSss3,HCR10,REClow,INNvar,OERnaq,3054655.614,7000851.24,15929046.71,7630824.902,7055953.786,0.80802,1,0.873,0.0365,0.573,0.077,0.50076,0.02434,0.08744,8.00E-05,0.01896
all,ASSss3_HCR10_REClowmed_INNvar_OERnaq,ASSss3,HCR10,REClowmed,INNvar,OERnaq,4403321.153,12331580.42,34291629.06,14125425,12489125.65,0.0359,0.587,0.175,0.00024,0.008,0.003,0.85996,0.308,0.49924,0.02478,0.28106
all,ASSss3_HCR10_RECmix_INNvar_OERnaq,ASSss3,HCR10,RECmix,INNvar,OERnaq,3814708.641,10950381.94,32417582.86,12825216.19,11349114.73,0.20162,0.668,0.319,0.00666,0.122,0.015,0.79036,0.24994,0.4168,0.01952,0.2271
all,ASSss3_HCR11_REClow_INNvar_OERnaq,ASSss3,HCR11,REClow,INNvar,OERnaq,3057366.099,7013852.534,15982675.87,7654273.302,7083746.911,0.51888,1,0.569,3.00E-04,0.014,0.003,0.50284,0.02474,0.08888,4.00E-05,0.0191
all,ASSss3_HCR11_REClowmed_INNvar_OERnaq,ASSss3,HCR11,REClowmed,INNvar,OERnaq,4460994.038,12363856.18,34164469.84,14149363.87,12382462.86,0.00762,0.225,0.178,2.00E-05,0.001,0.001,0.864,0.30928,0.50084,0.02434,0.28116
all,ASSss3_HCR11_RECmix_INNvar_OERnaq,ASSss3,HCR11,RECmix,INNvar,OERnaq,4247440.443,12025296.11,33611912.01,13831117.78,12208202.44,0.04682,0.361,0.317,6.00E-05,0.002,0.001,0.8453,0.2966,0.48012,0.02294,0.26962
all,ASSss3_HCR13_REClow_INNvar_OERnaq,ASSss3,HCR13,REClow,INNvar,OERnaq,3038560.687,7004461.903,15996761.85,7643000.776,7090451.523,0.76918,1,0.834,0.02358,0.443,0.043,0.50132,0.02484,0.08954,8.00E-05,0.01912
all,ASSss3_HCR13_REClowmed_INNvar_OERnaq,ASSss3,HCR13,REClowmed,INNvar,OERnaq,4454893.867,12416367.06,34274506.91,14189693.59,12180643.42,0.0189,0.393,0.176,0.00014,0.005,0.004,0.86314,0.3093,0.50398,0.02472,0.28134
all,ASSss3_HCR13_RECmix_INNvar_OERnaq,ASSss3,HCR13,RECmix,INNvar,OERnaq,3984153.208,11455327.9,33611912.01,13336349.01,11882026.6,0.13534,0.494,0.319,0.0032,0.067,0.009,0.81402,0.27316,0.448,0.02278,0.24758
all,ASSss3_HCR14_REClow_INNvar_OERnaq,ASSss3,HCR14,REClow,INNvar,OERnaq,3055484.304,7006313.365,15969361.18,7644229.491,7022864.892,0.73496,1,0.798,0.01798,0.368,0.038,0.5016,0.02462,0.08862,4.00E-05,0.01904
all,ASSss3_HCR14_REClowmed_INNvar_OERnaq,ASSss3,HCR14,REClowmed,INNvar,OERnaq,4384954.234,12387078.97,34211246.56,14162716.82,12222441.27,0.0148,0.332,0.169,0.00012,0.004,0.002,0.86074,0.30962,0.50206,0.0245,0.28214
all,ASSss3_HCR14_RECmix_INNvar_OERnaq,ASSss3,HCR14,RECmix,INNvar,OERnaq,4024870.812,11607152.24,33352117.37,13421424.72,11864335.99,0.1097,0.457,0.324,0.00232,0.049,0.007,0.82142,0.27676,0.4557,0.02178,0.25178
all,ASSss3_HCR7_REClow_INNvar_OERnaq,ASSss3,HCR7,REClow,INNvar,OERnaq,3064980.076,7013114.666,15964700.99,7646424.403,7038986.871,0.29466,0.997,0.374,4.00E-05,0.002,0.002,0.50288,0.0245,0.08896,2.00E-05,0.01852
all,ASSss3_HCR7_REClowmed_INNvar_OERnaq,ASSss3,HCR7,REClowmed,INNvar,OERnaq,4432105.142,12392470.87,34205568.5,14171239.21,12166804.43,0.00586,0.19,0.177,4.00E-05,0.002,0.002,0.86258,0.3109,0.50266,0.02458,0.28232
all,ASSss3_HCR7_RECmix_INNvar_OERnaq,ASSss3,HCR7,RECmix,INNvar,OERnaq,4298074.545,12197984.35,33817965.6,13982542.92,12382462.86,0.02768,0.333,0.322,0,0,0,0.85336,0.3032,0.49096,0.02326,0.27494
all,ASSss3_HCR8_REClow_INNvar_OERnaq,ASSss3,HCR8,REClow,INNvar,OERnaq,3057026.134,7011066.751,15945543.37,7650406.298,7055744.149,0.78478,1,0.853,0.02754,0.496,0.057,0.50236,0.02448,0.0896,4.00E-05,0.01902
all,ASSss3_HCR8_REClowmed_INNvar_OERnaq,ASSss3,HCR8,REClowmed,INNvar,OERnaq,4421112.445,12325724.25,34111610.46,14120171,12171480.58,0.02578,0.477,0.181,2.00E-04,0.006,0.003,0.86122,0.3066,0.49872,0.02414,0.2794
all,ASSss3_HCR8_RECmix_INNvar_OERnaq,ASSss3,HCR8,RECmix,INNvar,OERnaq,3896057,11295447.63,32919943,13138099.86,11613328.16,0.15712,0.57,0.323,0.00402,0.081,0.011,0.80698,0.26326,0.43682,0.02076,0.2387
all,ASSss3_HCR9_REClow_INNvar_OERnaq,ASSss3,HCR9,REClow,INNvar,OERnaq,3050835.386,6983081.762,15935132.33,7634438.003,7063057.565,0.79854,1,0.864,0.03406,0.556,0.064,0.49892,0.02438,0.0879,6.00E-05,0.01898
all,ASSss3_HCR9_REClowmed_INNvar_OERnaq,ASSss3,HCR9,REClowmed,INNvar,OERnaq,4434033.547,12368274.03,33976247.47,14122107.83,12495564.67,0.03154,0.521,0.177,0.00018,0.005,0.002,0.86124,0.30924,0.5011,0.02372,0.28106
all,ASSss3_HCR9_RECmix_INNvar_OERnaq,ASSss3,HCR9,RECmix,INNvar,OERnaq,3888332.94,11108889.91,32700778.74,12968205.28,11507951.73,0.18388,0.604,0.328,0.00602,0.115,0.013,0.79478,0.25814,0.4257,0.0201,0.23396
