"Rec";"Ass";"Rule";"size";"risk";"med.size";"med.all";"me";"rmse";"cv";"Rule.label"
"REClow";"ASSnone";"HCR8";500;"1";0.0026;0.00287;-0.00018;0.000877211491032807;0.320769692860217;"HCR40"
"REClow";"ASSnone";"HCR8";500;"2";0.02;0.0213;-0.00146;0.00577806195882322;0.283202001202518;"HCR40"
"REClow";"ASSnone";"HCR8";500;"3";0.006;0.0038;0.00272;0.00340705151120437;0.316267978242092;"HCR40"
"REClow";"ASSnone";"HCR8";1000;"1";0.0028;0.00287;-7.90000000000002e-05;0.000689100863444532;0.246508848315948;"HCR40"
"REClow";"ASSnone";"HCR8";1000;"2";0.021;0.0213;-0.000359999999999999;0.00460716832772583;0.220449897395627;"HCR40"
"REClow";"ASSnone";"HCR8";1000;"3";0.005;0.0038;0.00152;0.00204156802482798;0.257481998658064;"HCR40"
"REClow";"ASSnone";"HCR8";1500;"1";0.0028;0.00287;-4.60000000000002e-05;0.000461526452835227;0.163435497803153;"HCR40"
"REClow";"ASSnone";"HCR8";1500;"2";0.0213333333333333;0.0213;-0.000153333333333333;0.00316048519481846;0.150031525215517;"HCR40"
"REClow";"ASSnone";"HCR8";1500;"3";0.00533333333333333;0.0038;0.00138;0.00171554979849351;0.197742505051791;"HCR40"
"REClow";"ASSnone";"HCR8";2000;"1";0.002825;0.00287;-2.20000000000001e-05;0.000519788418493525;0.183265058724222;"HCR40"
"REClow";"ASSnone";"HCR8";2000;"2";0.021;0.0213;-0.00028;0.00326159470198245;0.15537223916858;"HCR40"
"REClow";"ASSnone";"HCR8";2000;"3";0.005;0.0038;0.001015;0.00134851770474102;0.185321150561587;"HCR40"
"REClow";"ASSnone";"HCR8";2500;"1";0.00292;0.00287;9.03999999999998e-05;0.000336517458685281;0.110046231781413;"HCR40"
"REClow";"ASSnone";"HCR8";2500;"2";0.0212;0.0213;0.000412000000000001;0.0023097185975785;0.105201053675091;"HCR40"
"REClow";"ASSnone";"HCR8";2500;"3";0.0044;0.0038;0.000824;0.00112498888883402;0.166473262471929;"HCR40"
"REClow";"ASSnone";"HCR8";3000;"1";0.00283333333333333;0.00287;-6.03333333333335e-05;0.000366730297509097;0.12939459231186;"HCR40"
"REClow";"ASSnone";"HCR8";3000;"2";0.021;0.0213;-0.000296666666666666;0.00229690613168622;0.108989433433399;"HCR40"
"REClow";"ASSnone";"HCR8";3000;"3";0.00433333333333333;0.0038;0.000496666666666667;0.00079986109905269;0.146656819372591;"HCR40"
"REClow";"ASSnone";"HCR8";3500;"1";0.00287142857142857;0.00287;2.94285714285713e-05;0.000297898078721771;0.102756228157081;"HCR40"
"REClow";"ASSnone";"HCR8";3500;"2";0.0211428571428571;0.0213;0.000202857142857144;0.00195033225845427;0.09066357705504;"HCR40"
"REClow";"ASSnone";"HCR8";3500;"3";0.00428571428571429;0.0038;0.000531428571428571;0.000772697369278423;0.13015522064159;"HCR40"
"REClow";"ASSnone";"HCR8";4000;"1";0.0028625;0.00287;-1.20000000000002e-05;0.000304166894977083;0.106879368192529;"HCR40"
"REClow";"ASSnone";"HCR8";4000;"2";0.02125;0.0213;-4.99999999999959e-06;0.00200449494885869;0.0946037547165434;"HCR40"
"REClow";"ASSnone";"HCR8";4000;"3";0.00425;0.0038;4e-04;0.00069372184627558;0.135629662316793;"HCR40"
"REClow";"ASSnone";"HCR8";4500;"1";0.00286666666666667;0.00287;-1.46666666666668e-05;0.000229465831663964;0.0806036446092274;"HCR40"
"REClow";"ASSnone";"HCR8";4500;"2";0.0211111111111111;0.0213;-5.77777777777773e-05;0.00143964158776918;0.0680591936123022;"HCR40"
"REClow";"ASSnone";"HCR8";4500;"3";0.00422222222222222;0.0038;0.000415555555555556;0.000659442338291123;0.122074660350687;"HCR40"
"REClow";"ASSnone";"HCR8";5000;"1";0.00287;0.00287;1.79999999999984e-06;0.000192301846064982;0.0672965249523139;"HCR40"
"REClow";"ASSnone";"HCR8";5000;"2";0.0214;0.0213;4.00000000000005e-05;0.00124691619606131;0.0586950772510338;"HCR40"
"REClow";"ASSnone";"HCR8";5000;"3";0.004;0.0038;0.00032;0.000540370243444252;0.106219524557433;"HCR40"
"REClow";"ASSnone";"HCR8";5500;"1";0.0029;0.00287;3.63636363636349e-06;0.000202535579978;0.0708242379919766;"HCR40"
"REClow";"ASSnone";"HCR8";5500;"2";0.0215454545454545;0.0213;7.81818181818188e-05;0.00141758145800608;0.0665423536925208;"HCR40"
"REClow";"ASSnone";"HCR8";5500;"3";0.00418181818181818;0.0038;0.000343636363636364;0.000557384683993392;0.106443608858194;"HCR40"
"REClow";"ASSnone";"HCR8";6000;"1";0.00291666666666667;0.00287;2.29999999999999e-05;0.000197419463185483;0.0681171410704945;"HCR40"
"REClow";"ASSnone";"HCR8";6000;"2";0.0216666666666667;0.0213;0.000145000000000001;0.00129933743799591;0.0605141694406948;"HCR40"
"REClow";"ASSnone";"HCR8";6000;"3";0.00416666666666667;0.0038;0.000288333333333333;0.000461338631954157;0.0885322378742643;"HCR40"
"REClow";"ASSnone";"HCR8";6500;"1";0.00289230769230769;0.00287;5.84615384615367e-06;0.000136645786637998;0.0477106316335529;"HCR40"
"REClow";"ASSnone";"HCR8";6500;"2";0.0213846153846154;0.0213;6.15384615384616e-05;0.000932103303313177;0.0437587951831909;"HCR40"
"REClow";"ASSnone";"HCR8";6500;"3";0.004;0.0038;0.000252307692307692;0.000421718097603309;0.0838085422086665;"HCR40"
"REClow";"ASSnone";"HCR8";7000;"1";0.00284285714285714;0.00287;-1.37142857142859e-05;0.000152688825887883;0.0535092790139967;"HCR40"
"REClow";"ASSnone";"HCR8";7000;"2";0.0211428571428571;0.0213;-5.14285714285707e-05;0.000976687446088532;0.0461323265856251;"HCR40"
"REClow";"ASSnone";"HCR8";7000;"3";0.004;0.0038;0.000184285714285714;0.00033079989635514;0.0692965270864234;"HCR40"
"REClow";"ASSnone";"HCR8";7500;"1";0.00286666666666667;0.00287;-6.13333333333348e-06;0.000124691619606131;0.0437059795513639;"HCR40"
"REClow";"ASSnone";"HCR8";7500;"2";0.0212;0.0213;-2.13333333333326e-05;0.000798971561168203;0.0377237140100259;"HCR40"
"REClow";"ASSnone";"HCR8";7500;"3";0.004;0.0038;0.000125333333333333;0.000303168453357389;0.0706790893294648;"HCR40"
"REClow";"ASSnone";"HCR8";8000;"1";0.002875;0.00287;-4.75000000000015e-06;0.00010619557429573;0.0372127208683466;"HCR40"
"REClow";"ASSnone";"HCR8";8000;"2";0.02125;0.0213;-7.49999999999995e-05;0.000700223178708045;0.0329659513618898;"HCR40"
"REClow";"ASSnone";"HCR8";8000;"3";0.004;0.0038;0.0001175;0.000240052077683156;0.0537035988068353;"HCR40"
"REClow";"ASSnone";"HCR8";8500;"1";0.00288823529411765;0.00287;9.29411764705867e-06;0.000101842201027053;0.035400393600712;"HCR40"
"REClow";"ASSnone";"HCR8";8500;"2";0.0212941176470588;0.0213;5.29411764705887e-05;0.000645800916327479;0.030294175131073;"HCR40"
"REClow";"ASSnone";"HCR8";8500;"3";0.00388235294117647;0.0038;0.000110588235294118;0.000230720250325009;0.0520407128792965;"HCR40"
"REClow";"ASSnone";"HCR8";9000;"1";0.00287777777777778;0.00287;1.11111111110941e-07;7.20373702743887e-05;0.0252255722212848;"HCR40"
"REClow";"ASSnone";"HCR8";9000;"2";0.0213333333333333;0.0213;1.44444444444448e-05;0.000466375570586096;0.0219804095973951;"HCR40"
"REClow";"ASSnone";"HCR8";9000;"3";0.00388888888888889;0.0038;8.33333333333334e-05;0.00017950549357115;0.0411478528275624;"HCR40"
"REClow";"ASSnone";"HCR8";9500;"1";0.00287368421052632;0.00287;-3.0526315789475e-06;5.72059505263506e-05;0.0200255602976033;"HCR40"
"REClow";"ASSnone";"HCR8";9500;"2";0.0212631578947368;0.0213;-9.47368421052648e-06;0.000360063090808931;0.0169912070429927;"HCR40"
"REClow";"ASSnone";"HCR8";9500;"3";0.00384210526315789;0.0038;3.26315789473684e-05;0.000118998591672106;0.0300090391488193;"HCR40"
"REClow";"ASSnone";"HCR8";10000;"1";0.00287;0.00287;0;0;0;"HCR40"
"REClow";"ASSnone";"HCR8";10000;"2";0.0213;0.0213;0;0;0;"HCR40"
"REClow";"ASSnone";"HCR8";10000;"3";0.0038;0.0038;0;0;0;"HCR40"
"REClow";"ASSnone";"HCR9";500;"1";0.003;0.00288;0.000126;0.000906995038575184;0.300307847925956;"HCR45"
"REClow";"ASSnone";"HCR9";500;"2";0.022;0.0214;0.000780000000000001;0.00610376932722723;0.274311256949393;"HCR45"
"REClow";"ASSnone";"HCR9";500;"3";0.006;0.0038;0.00318;0.00383562250488757;0.308806912126916;"HCR45"
"REClow";"ASSnone";"HCR9";1000;"1";0.003;0.00288;7.89999999999998e-05;0.000677392057821761;0.228509272640711;"HCR45"
"REClow";"ASSnone";"HCR9";1000;"2";0.022;0.0214;0.000280000000000001;0.00443125264456903;0.205012765756688;"HCR45"
"REClow";"ASSnone";"HCR9";1000;"3";0.005;0.0038;0.00184;0.00239081576036298;0.272031085510343;"HCR45"
"REClow";"ASSnone";"HCR9";1500;"1";0.00286666666666667;0.00288;-4.06666666666668e-05;0.000507866999212283;0.179192255888768;"HCR45"
"REClow";"ASSnone";"HCR9";1500;"2";0.0213333333333333;0.0214;-0.000279999999999999;0.00352729043002951;0.16732354560525;"HCR45"
"REClow";"ASSnone";"HCR9";1500;"3";0.00466666666666667;0.0038;0.00110666666666667;0.00150937809120917;0.210240028910202;"HCR45"
"REClow";"ASSnone";"HCR9";2000;"1";0.00295;0.00288;-2.20000000000002e-05;0.000381667394468011;0.133993135016019;"HCR45"
"REClow";"ASSnone";"HCR9";2000;"2";0.0215;0.0214;5.00000000000011e-05;0.00277308492477241;0.129911521916716;"HCR45"
"REClow";"ASSnone";"HCR9";2000;"3";0.0045;0.0038;0.00099;0.00134759044223384;0.191833323905439;"HCR45"
"REClow";"ASSnone";"HCR9";2500;"1";0.00284;0.00288;-1.12000000000002e-05;0.000373780684359157;0.130889236004683;"HCR45"
"REClow";"ASSnone";"HCR9";2500;"2";0.0208;0.0214;-7.59999999999989e-05;0.00238159610345667;0.112191666340866;"HCR45"
"REClow";"ASSnone";"HCR9";2500;"3";0.0044;0.0038;0.000764;0.00114612390255155;0.188135017779525;"HCR45"
"REClow";"ASSnone";"HCR9";3000;"1";0.0029;0.00288;2.13333333333332e-05;0.00036198219722952;0.125174670054128;"HCR45"
"REClow";"ASSnone";"HCR9";3000;"2";0.0213333333333333;0.0214;0.000126666666666668;0.00236896601917377;0.110444157092881;"HCR45"
"REClow";"ASSnone";"HCR9";3000;"3";0.00433333333333333;0.0038;0.000683333333333333;0.000978093383408081;0.156875917504935;"HCR45"
"REClow";"ASSnone";"HCR9";3500;"1";0.00285714285714286;0.00288;-4.91428571428573e-05;0.000283407833342694;0.0990939312823719;"HCR45"
"REClow";"ASSnone";"HCR9";3500;"2";0.0211428571428571;0.0214;-0.000268571428571427;0.00184328898594721;0.0867336222662018;"HCR45"
"REClow";"ASSnone";"HCR9";3500;"3";0.00428571428571429;0.0038;0.000551428571428571;0.000834070422319216;0.144534620101546;"HCR45"
"REClow";"ASSnone";"HCR9";4000;"1";0.00285;0.00288;-2.85000000000002e-05;0.000251664459151466;0.0881308710765546;"HCR45"
"REClow";"ASSnone";"HCR9";4000;"2";0.021375;0.0214;-0.000167499999999999;0.0017075933356628;0.0804389209058702;"HCR45"
"REClow";"ASSnone";"HCR9";4000;"3";0.004;0.0038;0.000365;0.000636199654196699;0.125739667660459;"HCR45"
"REClow";"ASSnone";"HCR9";4500;"1";0.00288888888888889;0.00288;2.22222222222205e-06;0.000254636026855666;0.0887888131533576;"HCR45"
"REClow";"ASSnone";"HCR9";4500;"2";0.0215555555555556;0.0214;9.33333333333343e-05;0.00165399628285668;0.0772183660661724;"HCR45"
"REClow";"ASSnone";"HCR9";4500;"3";0.00422222222222222;0.0038;0.00038;0.000618959700716542;0.117474184284605;"HCR45"
"REClow";"ASSnone";"HCR9";5000;"1";0.00288;0.00288;1.25999999999998e-05;0.000240241545116576;0.0833573694672752;"HCR45"
"REClow";"ASSnone";"HCR9";5000;"2";0.0214;0.0214;8.00000000000012e-05;0.0014993331851193;0.0700530719549814;"HCR45"
"REClow";"ASSnone";"HCR9";5000;"3";0.0042;0.0038;0.000404;0.000636867333123626;0.11769870093401;"HCR45"
"REClow";"ASSnone";"HCR9";5500;"1";0.0029;0.00288;1.63636363636362e-05;0.000224263717252776;0.0776120478814441;"HCR45"
"REClow";"ASSnone";"HCR9";5500;"2";0.0214545454545455;0.0214;7.2727272727274e-05;0.00137786515911181;0.0644015168824647;"HCR45"
"REClow";"ASSnone";"HCR9";5500;"3";0.004;0.0038;0.000276363636363636;0.000513423125487277;0.106682474595625;"HCR45"
"REClow";"ASSnone";"HCR9";6000;"1";0.00286666666666667;0.00288;-5.50000000000019e-06;0.000196028626027482;0.0685123050833831;"HCR45"
"REClow";"ASSnone";"HCR9";6000;"2";0.0214166666666667;0.0214;6.66666666666677e-05;0.00129357386079548;0.060482746162508;"HCR45"
"REClow";"ASSnone";"HCR9";6000;"3";0.004;0.0038;0.000258333333333333;0.000474634362196605;0.0986066937357861;"HCR45"
"REClow";"ASSnone";"HCR9";6500;"1";0.0029;0.00288;7.53846153846136e-06;0.000140189221238579;0.0487237199836303;"HCR45"
"REClow";"ASSnone";"HCR9";6500;"2";0.0213846153846154;0.0214;6.92307692307699e-05;0.000908213670347412;0.0423924497058994;"HCR45"
"REClow";"ASSnone";"HCR9";6500;"3";0.004;0.0038;0.000247692307692308;0.000411836699986319;0.0816967701622218;"HCR45"
"REClow";"ASSnone";"HCR9";7000;"1";0.00287857142857143;0.00288;-1.60000000000002e-05;0.000135649608648645;0.0472700081565194;"HCR45"
"REClow";"ASSnone";"HCR9";7000;"2";0.0212857142857143;0.0214;-0.000109999999999999;0.000832772600462835;0.0389682638980793;"HCR45"
"REClow";"ASSnone";"HCR9";7000;"3";0.004;0.0038;0.000162857142857143;0.000360611725165074;0.0815985972461591;"HCR45"
"REClow";"ASSnone";"HCR9";7500;"1";0.00282666666666667;0.00288;-2.53333333333335e-05;0.000138576894017565;0.0479663622826321;"HCR45"
"REClow";"ASSnone";"HCR9";7500;"2";0.0214;0.0214;-1.33333333333222e-06;0.000825267633357002;0.0387605503480607;"HCR45"
"REClow";"ASSnone";"HCR9";7500;"3";0.00386666666666667;0.0038;0.000124;0.000320832251080426;0.0757878639899627;"HCR45"
"REClow";"ASSnone";"HCR9";8000;"1";0.00289375;0.00288;-2.75000000000019e-06;0.00010504165840275;0.0366790003297387;"HCR45"
"REClow";"ASSnone";"HCR9";8000;"2";0.0215;0.0214;8.5000000000001e-05;0.00067462952796331;0.0313067204949514;"HCR45"
"REClow";"ASSnone";"HCR9";8000;"3";0.004;0.0038;0.00014;0.000280735640772596;0.0620715913591017;"HCR45"
"REClow";"ASSnone";"HCR9";8500;"1";0.00290588235294118;0.00288;4.35294117647042e-06;0.000102290718070899;0.0356103827379763;"HCR45"
"REClow";"ASSnone";"HCR9";8500;"2";0.0214117647058824;0.0214;3.41176470588246e-05;0.00066673817378904;0.0312221477530267;"HCR45"
"REClow";"ASSnone";"HCR9";8500;"3";0.00388235294117647;0.0038;8.82352941176471e-05;0.000217885402087672;0.0514947142058151;"HCR45"
"REClow";"ASSnone";"HCR9";9000;"1";0.00288888888888889;0.00288;5.55555555555537e-06;7.42867317797635e-05;0.0258015820346509;"HCR45"
"REClow";"ASSnone";"HCR9";9000;"2";0.0214444444444444;0.0214;7.44444444444457e-05;0.000494987217692551;0.0229026828126969;"HCR45"
"REClow";"ASSnone";"HCR9";9000;"3";0.00388888888888889;0.0038;0.00011;0.000185059216415306;0.0382527137679235;"HCR45"
"REClow";"ASSnone";"HCR9";9500;"1";0.00288421052631579;0.00288;1.99999999999983e-06;4.67941800960197e-05;0.016303589597362;"HCR45"
"REClow";"ASSnone";"HCR9";9500;"2";0.0214736842105263;0.0214;1.36842105263161e-05;0.000309086761345065;0.0144925685886216;"HCR45"
"REClow";"ASSnone";"HCR9";9500;"3";0.00389473684210526;0.0038;5.15789473684211e-05;0.000115406063778238;0.0269392161916653;"HCR45"
"REClow";"ASSnone";"HCR9";10000;"1";0.00288;0.00288;0;0;0;"HCR45"
"REClow";"ASSnone";"HCR9";10000;"2";0.0214;0.0214;0;0;0;"HCR45"
"REClow";"ASSnone";"HCR9";10000;"3";0.0038;0.0038;0;0;0;"HCR45"
"REClow";"ASSss3";"HCR8";500;"1";0.0474;0.04848;-0.000858000000000002;0.0049996079846324;0.10394878522434;"HCR40"
"REClow";"ASSss3";"HCR8";500;"2";0.222;0.224;-0.00314;0.0170985379491932;0.076484752982303;"HCR40"
"REClow";"ASSss3";"HCR8";500;"3";0.06;0.0537;0.0072;0.0101680873324338;0.118489384872122;"HCR40"
"REClow";"ASSss3";"HCR8";1000;"1";0.0482;0.04848;-0.000164000000000003;0.00369047964362358;0.0766911056373834;"HCR40"
"REClow";"ASSss3";"HCR8";1000;"2";0.2225;0.224;-0.000840000000000004;0.0126585939187573;0.056884405237201;"HCR40"
"REClow";"ASSss3";"HCR8";1000;"3";0.059;0.0537;0.00532;0.00800012499902346;0.101745420863819;"HCR40"
"REClow";"ASSss3";"HCR8";1500;"1";0.0484666666666667;0.04848;0.000197999999999998;0.00253063189298202;0.0520889084239284;"HCR40"
"REClow";"ASSss3";"HCR8";1500;"2";0.223333333333333;0.224;0.000259999999999997;0.00924602016485411;0.0414203386090345;"HCR40"
"REClow";"ASSss3";"HCR8";1500;"3";0.0566666666666667;0.0537;0.00396;0.00598269727352694;0.0781673371419066;"HCR40"
"REClow";"ASSss3";"HCR8";2000;"1";0.048525;0.04848;9.7499999999998e-05;0.00272161257345714;0.0562723021156467;"HCR40"
"REClow";"ASSss3";"HCR8";2000;"2";0.224;0.224;0.000364999999999997;0.00909958790275692;0.0407285883207736;"HCR40"
"REClow";"ASSss3";"HCR8";2000;"3";0.0565;0.0537;0.002755;0.00470802506365461;0.0679659433857364;"HCR40"
"REClow";"ASSss3";"HCR8";2500;"1";0.04892;0.04848;0.000152399999999998;0.00201670225863909;0.0415580227417754;"HCR40"
"REClow";"ASSss3";"HCR8";2500;"2";0.2244;0.224;0.000227999999999996;0.00741490391036863;0.0332194684045021;"HCR40"
"REClow";"ASSss3";"HCR8";2500;"3";0.0564;0.0537;0.002736;0.00411489975576563;0.0547351524043686;"HCR40"
"REClow";"ASSss3";"HCR8";3000;"1";0.04855;0.04848;0.000119999999999998;0.00183754667363248;0.0379189645971071;"HCR40"
"REClow";"ASSss3";"HCR8";3000;"2";0.2245;0.224;0.000946666666666662;0.00607032856515106;0.026789750147871;"HCR40"
"REClow";"ASSss3";"HCR8";3000;"3";0.0556666666666667;0.0537;0.00238666666666667;0.00373181516750823;0.0514078837694144;"HCR40"
"REClow";"ASSss3";"HCR8";3500;"1";0.0487;0.04848;0.000136571428571427;0.00167357664166007;0.034482027653068;"HCR40"
"REClow";"ASSss3";"HCR8";3500;"2";0.224142857142857;0.224;0.000131428571428566;0.00576151907406513;0.0258287639265205;"HCR40"
"REClow";"ASSss3";"HCR8";3500;"3";0.0557142857142857;0.0537;0.00192857142857143;0.00331960779586495;0.0488155364813671;"HCR40"
"REClow";"ASSss3";"HCR8";4000;"1";0.048525;0.04848;-8.25000000000215e-06;0.00143446462138318;0.0297424241010352;"HCR40"
"REClow";"ASSss3";"HCR8";4000;"2";0.222875;0.224;-0.000425000000000001;0.0049829710013204;0.0223183518128332;"HCR40"
"REClow";"ASSss3";"HCR8";4000;"3";0.055125;0.0537;0.0013;0.00264740438920842;0.0421429081804876;"HCR40"
"REClow";"ASSss3";"HCR8";4500;"1";0.0487;0.04848;0.000131555555555553;0.00146755461336533;0.0302193523556622;"HCR40"
"REClow";"ASSss3";"HCR8";4500;"2";0.224222222222222;0.224;0.000233333333333329;0.00500542915119716;0.0224104801623598;"HCR40"
"REClow";"ASSss3";"HCR8";4500;"3";0.0553333333333333;0.0537;0.00138444444444445;0.00258636978059506;0.0398595102748407;"HCR40"
"REClow";"ASSss3";"HCR8";5000;"1";0.04834;0.04848;-0.000194600000000002;0.0011309836426757;0.0231898023279611;"HCR40"
"REClow";"ASSss3";"HCR8";5000;"2";0.2237;0.224;-0.000786000000000004;0.00429944182423719;0.0190323186927608;"HCR40"
"REClow";"ASSss3";"HCR8";5000;"3";0.0548;0.0537;0.001042;0.00206213481615534;0.0326708786661609;"HCR40"
"REClow";"ASSss3";"HCR8";5500;"1";0.0486090909090909;0.04848;0.000134545454545452;0.000872852263776731;0.0178293328026147;"HCR40"
"REClow";"ASSss3";"HCR8";5500;"2";0.223636363636364;0.224;9.09090909090857e-05;0.00342204810356904;0.0153423176981922;"HCR40"
"REClow";"ASSss3";"HCR8";5500;"3";0.055;0.0537;0.00104909090909091;0.00191366119612478;0.0293801021276402;"HCR40"
"REClow";"ASSss3";"HCR8";6000;"1";0.0485583333333333;0.04848;6.23333333333312e-05;0.000861909379098393;0.0177985514920612;"HCR40"
"REClow";"ASSss3";"HCR8";6000;"2";0.223916666666667;0.224;0.000126666666666662;0.00311091269208536;0.0139385113775787;"HCR40"
"REClow";"ASSss3";"HCR8";6000;"3";0.0543333333333333;0.0537;0.000805000000000002;0.00166297925423019;0.0268321334035936;"HCR40"
"REClow";"ASSss3";"HCR8";6500;"1";0.0484076923076923;0.04848;-0.000126615384615387;0.000853229437708745;0.0175382425217106;"HCR40"
"REClow";"ASSss3";"HCR8";6500;"2";0.223692307692308;0.224;-0.000447692307692312;0.00300126206194945;0.0133419968099858;"HCR40"
"REClow";"ASSss3";"HCR8";6500;"3";0.0541538461538462;0.0537;0.000572307692307695;0.00143164158682825;0.0243012407399712;"HCR40"
"REClow";"ASSss3";"HCR8";7000;"1";0.0485;0.04848;-6.42857142857167e-05;0.000807887141037077;0.0167173505517121;"HCR40"
"REClow";"ASSss3";"HCR8";7000;"2";0.224142857142857;0.224;6.28571428571376e-05;0.00298745677109873;0.0133973224815255;"HCR40"
"REClow";"ASSss3";"HCR8";7000;"3";0.0542857142857143;0.0537;0.000575714285714288;0.00153573754135216;0.0263638189522095;"HCR40"
"REClow";"ASSss3";"HCR8";7500;"1";0.0485933333333333;0.04848;0.000107199999999998;0.000703482132758971;0.0143817498105631;"HCR40"
"REClow";"ASSss3";"HCR8";7500;"2";0.2242;0.224;0.000275999999999995;0.00243686501700671;0.0108499444048012;"HCR40"
"REClow";"ASSss3";"HCR8";7500;"3";0.0542666666666667;0.0537;0.000824000000000002;0.00146398239212241;0.022305144711537;"HCR40"
"REClow";"ASSss3";"HCR8";8000;"1";0.04851875;0.04848;2.34999999999978e-05;0.000543673270448346;0.011254889047051;"HCR40"
"REClow";"ASSss3";"HCR8";8000;"2";0.224375;0.224;0.000141249999999992;0.00196687410629151;0.00879659062283027;"HCR40"
"REClow";"ASSss3";"HCR8";8000;"3";0.05425;0.0537;0.000461250000000002;0.00099751253124961;0.0164125004318633;"HCR40"
"REClow";"ASSss3";"HCR8";8500;"1";0.0484705882352941;0.04848;5.29411764705646e-06;0.000461558965031221;0.00956689458803816;"HCR40"
"REClow";"ASSss3";"HCR8";8500;"2";0.223882352941176;0.224;3.88235294117603e-05;0.00176693976257468;0.00792457544331805;"HCR40"
"REClow";"ASSss3";"HCR8";8500;"3";0.0542352941176471;0.0537;0.000535294117647061;0.00106483587116792;0.0170580011731462;"HCR40"
"REClow";"ASSss3";"HCR8";9000;"1";0.0484444444444444;0.04848;-1.35555555555578e-05;0.00035152366760844;0.00728404573337579;"HCR40"
"REClow";"ASSss3";"HCR8";9000;"2";0.223888888888889;0.224;-0.000234444444444448;0.00137504208689798;0.00608553934867764;"HCR40"
"REClow";"ASSss3";"HCR8";9000;"3";0.0538888888888889;0.0537;0.000241111111111113;0.000782351630709667;0.013867356625037;"HCR40"
"REClow";"ASSss3";"HCR8";9500;"1";0.0485368421052632;0.04848;6.94736842105054e-06;0.000278688658579879;0.00577486542809091;"HCR40"
"REClow";"ASSss3";"HCR8";9500;"2";0.224157894736842;0.224;1.89473684210481e-05;0.00097979589711327;0.00439493085922907;"HCR40"
"REClow";"ASSss3";"HCR8";9500;"3";0.0538947368421053;0.0537;0.00020105263157895;0.000474087547579647;0.00800555098472482;"HCR40"
"REClow";"ASSss3";"HCR8";10000;"1";0.04848;0.04848;0;0;0;"HCR40"
"REClow";"ASSss3";"HCR8";10000;"2";0.224;0.224;0;0;0;"HCR40"
"REClow";"ASSss3";"HCR8";10000;"3";0.0537;0.0537;0;0;0;"HCR40"
"REClow";"ASSss3";"HCR9";500;"1";0.056;0.05597;0.000378000000000001;0.00522181769118762;0.0928933736061728;"HCR45"
"REClow";"ASSss3";"HCR9";500;"2";0.252;0.2521;0.00108000000000001;0.0196258503000507;0.0777898469491652;"HCR45"
"REClow";"ASSss3";"HCR9";500;"3";0.072;0.0642;0.00778000000000001;0.0119836555357704;0.12726757202133;"HCR45"
"REClow";"ASSss3";"HCR9";1000;"1";0.0555;0.05597;-0.000641999999999999;0.00365195564047539;0.0653049731872611;"HCR45"
"REClow";"ASSss3";"HCR9";1000;"2";0.2495;0.2521;-0.00230999999999999;0.0132416766310011;0.0524613366333438;"HCR45"
"REClow";"ASSss3";"HCR9";1000;"3";0.067;0.0642;0.00218000000000001;0.00574699921698272;0.0805102303614402;"HCR45"
"REClow";"ASSss3";"HCR9";1500;"1";0.0559;0.05597;2.06666666666678e-05;0.00311079589672982;0.055837851225459;"HCR45"
"REClow";"ASSss3";"HCR9";1500;"2";0.252;0.2521;-0.000593333333333323;0.0113862392581767;0.0454383715977522;"HCR45"
"REClow";"ASSss3";"HCR9";1500;"3";0.0656666666666667;0.0642;0.00174000000000001;0.00531806146803305;0.0765949393437498;"HCR45"
"REClow";"ASSss3";"HCR9";2000;"1";0.0563;0.05597;6.45000000000012e-05;0.00236998839659607;0.0424924944645246;"HCR45"
"REClow";"ASSss3";"HCR9";2000;"2";0.252;0.2521;-0.000734999999999989;0.00789901892642371;0.0314457861492344;"HCR45"
"REClow";"ASSss3";"HCR9";2000;"3";0.0655;0.0642;0.00182500000000001;0.00490535421758715;0.0693095826363368;"HCR45"
"REClow";"ASSss3";"HCR9";2500;"1";0.0561;0.05597;-1.67999999999988e-05;0.00214829327606824;0.0385867110267202;"HCR45"
"REClow";"ASSss3";"HCR9";2500;"2";0.2528;0.2521;0.000164000000000006;0.00751970744111764;0.029951926344293;"HCR45"
"REClow";"ASSss3";"HCR9";2500;"3";0.065;0.0642;0.000800000000000007;0.00363472144737393;0.0548223204623029;"HCR45"
"REClow";"ASSss3";"HCR9";3000;"1";0.056;0.05597;3.66666666666772e-06;0.00190393102115947;0.0341860599701027;"HCR45"
"REClow";"ASSss3";"HCR9";3000;"2";0.253;0.2521;0.00049000000000001;0.00642960168111352;0.0255085315504847;"HCR45"
"REClow";"ASSss3";"HCR9";3000;"3";0.0651666666666667;0.0642;0.000926666666666673;0.00361115555528206;0.0538614568759255;"HCR45"
"REClow";"ASSss3";"HCR9";3500;"1";0.0562;0.05597;0.00014857142857143;0.00170654143620054;0.0304467198203194;"HCR45"
"REClow";"ASSss3";"HCR9";3500;"2";0.252428571428571;0.2521;0.000231428571428582;0.00638832161535598;0.0254280268366846;"HCR45"
"REClow";"ASSss3";"HCR9";3500;"3";0.0651428571428571;0.0642;0.000771428571428578;0.0032497409629893;0.0488330896346836;"HCR45"
"REClow";"ASSss3";"HCR9";4000;"1";0.056325;0.05597;0.000242000000000001;0.00158272154847276;0.0279653951490501;"HCR45"
"REClow";"ASSss3";"HCR9";4000;"2";0.252875;0.2521;0.000332500000000003;0.00495458121338222;0.0196817590663709;"HCR45"
"REClow";"ASSss3";"HCR9";4000;"3";0.0645;0.0642;0.000352500000000008;0.00292632448645054;0.0452290936918862;"HCR45"
"REClow";"ASSss3";"HCR9";4500;"1";0.0559777777777778;0.05597;-5.17777777777766e-05;0.00106920681342598;0.0191946824736613;"HCR45"
"REClow";"ASSss3";"HCR9";4500;"2";0.252333333333333;0.2521;0.000128888888888898;0.0042900142449906;0.0170863861211673;"HCR45"
"REClow";"ASSss3";"HCR9";4500;"3";0.064;0.0642;6.6666666666737e-06;0.00269856843621544;0.0422410193512273;"HCR45"
"REClow";"ASSss3";"HCR9";5000;"1";0.05604;0.05597;5.06000000000009e-05;0.00115819342080673;0.0207587344904832;"HCR45"
"REClow";"ASSss3";"HCR9";5000;"2";0.2518;0.2521;0.000246000000000011;0.0042981391322292;0.0170904682600986;"HCR45"
"REClow";"ASSss3";"HCR9";5000;"3";0.064;0.0642;0.000166000000000007;0.00217025344142107;0.0337879760638908;"HCR45"
"REClow";"ASSss3";"HCR9";5500;"1";0.056;0.05597;6.25454545454554e-05;0.00124068489483207;0.0222254718915694;"HCR45"
"REClow";"ASSss3";"HCR9";5500;"2";0.252545454545455;0.2521;0.000345454545454555;0.00390057211315435;0.0154679653080135;"HCR45"
"REClow";"ASSss3";"HCR9";5500;"3";0.0643636363636364;0.0642;0.000287272727272734;0.00230395993996395;0.0356271325641181;"HCR45"
"REClow";"ASSss3";"HCR9";6000;"1";0.0560833333333333;0.05597;-0.000108333333333333;0.00110133000403048;0.019718536060561;"HCR45"
"REClow";"ASSss3";"HCR9";6000;"2";0.25225;0.2521;-5.1666666666656e-05;0.00359452515794661;0.0143316182776039;"HCR45"
"REClow";"ASSss3";"HCR9";6000;"3";0.0638333333333333;0.0642;-0.000384999999999993;0.00196845963467208;0.0304030045517191;"HCR45"
"REClow";"ASSss3";"HCR9";6500;"1";0.0558769230769231;0.05597;-0.000120307692307692;0.000888688882002066;0.0158450942230924;"HCR45"
"REClow";"ASSss3";"HCR9";6500;"2";0.251461538461538;0.2521;-0.000323076923076911;0.00292533313735325;0.0116058494191009;"HCR45"
"REClow";"ASSss3";"HCR9";6500;"3";0.0641538461538462;0.0642;-5.84615384615315e-05;0.00196126996654127;0.0307176072579106;"HCR45"
"REClow";"ASSss3";"HCR9";7000;"1";0.0559142857142857;0.05597;-7.18571428571421e-05;0.000866926779385853;0.0155335396080314;"HCR45"
"REClow";"ASSss3";"HCR9";7000;"2";0.251928571428571;0.2521;-0.000284285714285703;0.00265032150533339;0.0105168388726083;"HCR45"
"REClow";"ASSss3";"HCR9";7000;"3";0.064;0.0642;-0.000108571428571421;0.00144369141368894;0.0225748685389823;"HCR45"
"REClow";"ASSss3";"HCR9";7500;"1";0.0559066666666667;0.05597;-3.23999999999987e-05;0.000805763957716871;0.0144655525891767;"HCR45"
"REClow";"ASSss3";"HCR9";7500;"2";0.252266666666667;0.2521;-0.000175999999999992;0.00272054733055276;0.0108307477418085;"HCR45"
"REClow";"ASSss3";"HCR9";7500;"3";0.0642666666666667;0.0642;-2.3999999999994e-05;0.00135403922477239;0.0212018019038282;"HCR45"
"REClow";"ASSss3";"HCR9";8000;"1";0.0558;0.05597;-0.000135374999999999;0.000672549487026791;0.0118582847168944;"HCR45"
"REClow";"ASSss3";"HCR9";8000;"2";0.2515625;0.2521;-0.000374999999999991;0.00239602535462377;0.00944848513031235;"HCR45"
"REClow";"ASSss3";"HCR9";8000;"3";0.063875;0.0642;-0.000149999999999992;0.00127634732733688;0.019888960323849;"HCR45"
"REClow";"ASSss3";"HCR9";8500;"1";0.0561117647058824;0.05597;7.0941176470589e-05;0.000495051009220367;0.00878661040982685;"HCR45"
"REClow";"ASSss3";"HCR9";8500;"2";0.252294117647059;0.2521;0.000270588235294126;0.00166043934653736;0.0065241215026673;"HCR45"
"REClow";"ASSss3";"HCR9";8500;"3";0.0644117647058823;0.0642;5.29411764705952e-05;0.0010554849325815;0.0164890043364832;"HCR45"
"REClow";"ASSss3";"HCR9";9000;"1";0.0559055555555556;0.05597;-5.18888888888878e-05;0.000441641438832258;0.00788281465541145;"HCR45"
"REClow";"ASSss3";"HCR9";9000;"2";0.251833333333333;0.2521;-0.000142222222222208;0.00146983664163281;0.00583554015320614;"HCR45"
"REClow";"ASSss3";"HCR9";9000;"3";0.0641111111111111;0.0642;1.00000000000067e-05;0.000878171501009447;0.0137445622429537;"HCR45"
"REClow";"ASSss3";"HCR9";9500;"1";0.056;0.05597;3.30526315789485e-05;0.000296843131763809;0.00529405741717906;"HCR45"
"REClow";"ASSss3";"HCR9";9500;"2";0.252157894736842;0.2521;0.00011578947368422;0.00106246720659837;0.00420853717602201;"HCR45"
"REClow";"ASSss3";"HCR9";9500;"3";0.0642105263157895;0.0642;4.21052631579572e-06;0.000560944988192597;0.00878065532741536;"HCR45"
"REClow";"ASSss3";"HCR9";10000;"1";0.05597;0.05597;0;0;0;"HCR45"
"REClow";"ASSss3";"HCR9";10000;"2";0.2521;0.2521;0;0;0;"HCR45"
"REClow";"ASSss3";"HCR9";10000;"3";0.0642;0.0642;0;0;0;"HCR45"
"REClowmed";"ASSnone";"HCR10";500;"1";0.0215;0.02174;-9.79999999999988e-05;0.00304700508696654;0.141427364044758;"HCR50"
"REClowmed";"ASSnone";"HCR10";500;"2";0.122;0.1204;0.000500000000000008;0.0144623649518327;0.120153303655112;"HCR50"
"REClowmed";"ASSnone";"HCR10";500;"3";0.03;0.0231;0.0078;0.00891235098052136;0.140237324703344;"HCR50"
"REClowmed";"ASSnone";"HCR10";1000;"1";0.0214;0.02174;-0.000338999999999999;0.00228241538725973;0.105998343016695;"HCR50"
"REClowmed";"ASSnone";"HCR10";1000;"2";0.119;0.1204;-0.000959999999999992;0.0101196837895262;0.0847688968727822;"HCR50"
"REClowmed";"ASSnone";"HCR10";1000;"3";0.028;0.0231;0.00437;0.00540980591149073;0.116671559334206;"HCR50"
"REClowmed";"ASSnone";"HCR10";1500;"1";0.0217666666666667;0.02174;0.000188666666666668;0.00195242754880516;0.0890651736432415;"HCR50"
"REClowmed";"ASSnone";"HCR10";1500;"2";0.121666666666667;0.1204;0.00057333333333334;0.00857044015465043;0.0710431048230229;"HCR50"
"REClowmed";"ASSnone";"HCR10";1500;"3";0.0266666666666667;0.0231;0.00363333333333333;0.00448862760515704;0.0990871915063905;"HCR50"
"REClowmed";"ASSnone";"HCR10";2000;"1";0.02145;0.02174;-0.000225499999999999;0.0013640069647916;0.0628420304349966;"HCR50"
"REClowmed";"ASSnone";"HCR10";2000;"2";0.1195;0.1204;-0.000584999999999993;0.00619358539135451;0.051721059705426;"HCR50"
"REClowmed";"ASSnone";"HCR10";2000;"3";0.0265;0.0231;0.003005;0.00356181133694641;0.0736190161767644;"HCR50"
"REClowmed";"ASSnone";"HCR10";2500;"1";0.0219;0.02174;0.000199600000000001;0.00122915906212337;0.0555595640257794;"HCR50"
"REClowmed";"ASSnone";"HCR10";2500;"2";0.1216;0.1204;0.000672000000000007;0.00564297793722428;0.0465099125225317;"HCR50"
"REClowmed";"ASSnone";"HCR10";2500;"3";0.0256;0.0231;0.002716;0.00323561431570575;0.0684622856186761;"HCR50"
"REClowmed";"ASSnone";"HCR10";3000;"1";0.0217166666666667;0.02174;9.50000000000011e-05;0.00112909501617692;0.0517865517155168;"HCR50"
"REClowmed";"ASSnone";"HCR10";3000;"2";0.120333333333333;0.1204;0.000540000000000006;0.00534511199342186;0.0441917867820204;"HCR50"
"REClowmed";"ASSnone";"HCR10";3000;"3";0.0253333333333333;0.0231;0.00227333333333333;0.00281736677689568;0.0659183660458601;"HCR50"
"REClowmed";"ASSnone";"HCR10";3500;"1";0.0217;0.02174;-8.1999999999999e-05;0.000930308704524625;0.0430028758777325;"HCR50"
"REClowmed";"ASSnone";"HCR10";3500;"2";0.120285714285714;0.1204;-0.000214285714285708;0.00440658134880924;0.0368058830234115;"HCR50"
"REClowmed";"ASSnone";"HCR10";3500;"3";0.0245714285714286;0.0231;0.00150857142857143;0.00202819916101321;0.055366313271229;"HCR50"
"REClowmed";"ASSnone";"HCR10";4000;"1";0.02175;0.02174;-4.24999999999991e-05;0.0008384584068396;0.0387878399450881;"HCR50"
"REClowmed";"ASSnone";"HCR10";4000;"2";0.12075;0.1204;3.75000000000057e-05;0.00379217945250485;0.0316437770535889;"HCR50"
"REClowmed";"ASSnone";"HCR10";4000;"3";0.0245;0.0231;0.0014175;0.00189165932450851;0.051348434234233;"HCR50"
"REClowmed";"ASSnone";"HCR10";4500;"1";0.0217444444444444;0.02174;8.53333333333344e-05;0.000906303304094356;0.0415490822465877;"HCR50"
"REClowmed";"ASSnone";"HCR10";4500;"2";0.120222222222222;0.1204;-3.55555555555488e-05;0.00387047067032894;0.0323168961160373;"HCR50"
"REClowmed";"ASSnone";"HCR10";4500;"3";0.0244444444444444;0.0231;0.00156222222222222;0.00200000617282998;0.0508910011516067;"HCR50"
"REClowmed";"ASSnone";"HCR10";5000;"1";0.02174;0.02174;-3.21999999999989e-05;0.000691800549291485;0.0319945895590106;"HCR50"
"REClowmed";"ASSnone";"HCR10";5000;"2";0.12;0.1204;-8.39999999999934e-05;0.00341760149812701;0.0285396878461362;"HCR50"
"REClowmed";"ASSnone";"HCR10";5000;"3";0.0242;0.0231;0.001292;0.00170117606378646;0.0455990960339248;"HCR50"
"REClowmed";"ASSnone";"HCR10";5500;"1";0.0218545454545455;0.02174;3.83636363636374e-05;0.000674853152070511;0.0310930670660067;"HCR50"
"REClowmed";"ASSnone";"HCR10";5500;"2";0.120636363636364;0.1204;0.000161818181818189;0.00295986374490951;0.0246373691025759;"HCR50"
"REClowmed";"ASSnone";"HCR10";5500;"3";0.024;0.0231;0.000927272727272728;0.00134000740099103;0.0404637373706364;"HCR50"
"REClowmed";"ASSnone";"HCR10";6000;"1";0.0217416666666667;0.02174;-2.53333333333323e-05;0.000652481587649967;0.0301765722582786;"HCR50"
"REClowmed";"ASSnone";"HCR10";6000;"2";0.1205;0.1204;-4.99999999999251e-06;0.00272994708943436;0.0227891146361876;"HCR50"
"REClowmed";"ASSnone";"HCR10";6000;"3";0.024;0.0231;0.000866666666666668;0.00131064021675583;0.0412299813761389;"HCR50"
"REClowmed";"ASSnone";"HCR10";6500;"1";0.0216692307692308;0.02174;-6.26153846153836e-05;0.000511050432324147;0.0235155304371839;"HCR50"
"REClowmed";"ASSnone";"HCR10";6500;"2";0.120307692307692;0.1204;-0.000166153846153839;0.0021582153486444;0.0179870354077293;"HCR50"
"REClowmed";"ASSnone";"HCR10";6500;"3";0.0236923076923077;0.0231;0.000655384615384617;0.00098472956068776;0.0310944499546277;"HCR50"
"REClowmed";"ASSnone";"HCR10";7000;"1";0.0217071428571429;0.02174;-9.8571428571418e-06;0.000488758109698364;0.0226008856439652;"HCR50"
"REClowmed";"ASSnone";"HCR10";7000;"2";0.120285714285714;0.1204;1.71428571428643e-05;0.00209940710775248;0.0175217011338665;"HCR50"
"REClowmed";"ASSnone";"HCR10";7000;"3";0.0237142857142857;0.0231;0.000632857142857144;0.00104430427968645;0.035178460693521;"HCR50"
"REClowmed";"ASSnone";"HCR10";7500;"1";0.02176;0.02174;-2.42666666666656e-05;0.000420942857035119;0.0194494888691801;"HCR50"
"REClowmed";"ASSnone";"HCR10";7500;"2";0.1204;0.1204;-5.9999999999993e-05;0.00186814227390623;0.0155940252750714;"HCR50"
"REClowmed";"ASSnone";"HCR10";7500;"3";0.0236666666666667;0.0231;0.000610666666666668;0.000928535286231912;0.029649014904243;"HCR50"
"REClowmed";"ASSnone";"HCR10";8000;"1";0.0217875;0.02174;2.86250000000011e-05;0.000353631605629361;0.0162732762961462;"HCR50"
"REClowmed";"ASSnone";"HCR10";8000;"2";0.120375;0.1204;2.50000000000032e-05;0.00159980467557762;0.0133499511196389;"HCR50"
"REClowmed";"ASSnone";"HCR10";8000;"3";0.0235;0.0231;0.000505000000000001;0.000790134482224388;0.0258738288869185;"HCR50"
"REClowmed";"ASSnone";"HCR10";8500;"1";0.0217470588235294;0.02174;2.69411764705893e-05;0.000296264634345738;0.0136226522408209;"HCR50"
"REClowmed";"ASSnone";"HCR10";8500;"2";0.120588235294118;0.1204;0.000101176470588242;0.00122416273201877;0.010175174347194;"HCR50"
"REClowmed";"ASSnone";"HCR10";8500;"3";0.0234117647058824;0.0231;0.000321176470588236;0.000576908597103359;0.020564827885301;"HCR50"
"REClowmed";"ASSnone";"HCR10";9000;"1";0.0217111111111111;0.02174;-1.34444444444432e-05;0.000256337451202295;0.0118414648122628;"HCR50"
"REClowmed";"ASSnone";"HCR10";9000;"2";0.120444444444444;0.1204;-1.33333333333263e-05;0.00116610568523432;0.00973449742438992;"HCR50"
"REClowmed";"ASSnone";"HCR10";9000;"3";0.0233333333333333;0.0231;0.00021888888888889;0.000456151371886652;0.0172486028662743;"HCR50"
"REClowmed";"ASSnone";"HCR10";9500;"1";0.0217473684210526;0.02174;-7.36842105262051e-07;0.000179818930164289;0.00831322138727127;"HCR50"
"REClowmed";"ASSnone";"HCR10";9500;"2";0.120421052631579;0.1204;2.10526315790119e-06;0.000778719739144298;0.00650021794465013;"HCR50"
"REClowmed";"ASSnone";"HCR10";9500;"3";0.0232631578947368;0.0231;0.000184210526315792;0.000335895050223345;0.0121237585017467;"HCR50"
"REClowmed";"ASSnone";"HCR10";10000;"1";0.02174;0.02174;0;0;0;"HCR50"
"REClowmed";"ASSnone";"HCR10";10000;"2";0.1204;0.1204;0;0;0;"HCR50"
"REClowmed";"ASSnone";"HCR10";10000;"3";0.0231;0.0231;0;0;0;"HCR50"
"REClowmed";"ASSnone";"HCR11";500;"1";9e-04;0.00096;6.2e-05;0.000624627889226858;0.611227456628046;"ICES_low"
"REClowmed";"ASSnone";"HCR11";500;"2";0.006;0.0066;0.00018;0.00346756398643197;0.513323652242252;"ICES_low"
"REClowmed";"ASSnone";"HCR11";500;"3";0.004;0.0013;0.00198;0.00249038149687954;0.462837259126851;"ICES_low"
"REClowmed";"ASSnone";"HCR11";1000;"1";9e-04;0.00096;-1e-05;0.000371752605908822;0.393147607129477;"ICES_low"
"REClowmed";"ASSnone";"HCR11";1000;"2";0.006;0.0066;-3.99999999999999e-05;0.00213728800118281;0.327390097336326;"ICES_low"
"REClowmed";"ASSnone";"HCR11";1000;"3";0.002;0.0013;0.00118;0.00144982757595515;0.341379568633333;"ICES_low"
"REClowmed";"ASSnone";"HCR11";1500;"1";0.000933333333333333;0.00096;-1.46666666666667e-05;0.000338860836726032;0.359924685969645;"ICES_low"
"REClowmed";"ASSnone";"HCR11";1500;"2";0.00666666666666667;0.0066;6.66666666666668e-05;0.00211134501628175;0.318138525193226;"ICES_low"
"REClowmed";"ASSnone";"HCR11";1500;"3";0.002;0.0013;0.000873333333333333;0.00110524004431416;0.313248356126344;"ICES_low"
"REClowmed";"ASSnone";"HCR11";2000;"1";0.00095;0.00096;-6.50000000000003e-06;0.00027776788871286;0.292701400846574;"ICES_low"
"REClowmed";"ASSnone";"HCR11";2000;"2";0.0065;0.0066;-5.5e-05;0.00158224524015716;0.242819751436078;"ICES_low"
"REClowmed";"ASSnone";"HCR11";2000;"3";0.002;0.0013;0.000635;0.000846463230152379;0.290712899487326;"ICES_low"
"REClowmed";"ASSnone";"HCR11";2500;"1";0.00096;0.00096;2.84e-05;0.000238562360819975;0.24085305110025;"ICES_low"
"REClowmed";"ASSnone";"HCR11";2500;"2";0.0066;0.0066;0.000136;0.00146914941377656;0.218261667816403;"ICES_low"
"REClowmed";"ASSnone";"HCR11";2500;"3";0.0016;0.0013;0.000532;0.000728010988928052;0.272636695754774;"ICES_low"
"REClowmed";"ASSnone";"HCR11";3000;"1";0.000933333333333333;0.00096;-2.16666666666667e-05;0.00019035055380359;0.202557172804604;"ICES_low"
"REClowmed";"ASSnone";"HCR11";3000;"2";0.00633333333333333;0.0066;-0.000203333333333333;0.00107320910254143;0.165567437692272;"ICES_low"
"REClowmed";"ASSnone";"HCR11";3000;"3";0.00166666666666667;0.0013;0.000383333333333333;0.000521749194749951;0.21132423225851;"ICES_low"
"REClowmed";"ASSnone";"HCR11";3500;"1";0.000971428571428571;0.00096;1.17142857142857e-05;0.00019541269776803;0.201750609931467;"ICES_low"
"REClowmed";"ASSnone";"HCR11";3500;"2";0.00657142857142857;0.0066;1e-04;0.00113173156116219;0.169102096852037;"ICES_low"
"REClowmed";"ASSnone";"HCR11";3500;"3";0.00171428571428571;0.0013;0.000374285714285714;0.000494582899924734;0.194069648569192;"ICES_low"
"REClowmed";"ASSnone";"HCR11";4000;"1";0.0009875;0.00096;1.625e-05;0.000185960345235214;0.190711639466569;"ICES_low"
"REClowmed";"ASSnone";"HCR11";4000;"2";0.0065;0.0066;5.50000000000001e-05;0.00104235310715707;0.157196832333086;"ICES_low"
"REClowmed";"ASSnone";"HCR11";4000;"3";0.00175;0.0013;0.00034;0.000484510061815026;0.211536628386887;"ICES_low"
"REClowmed";"ASSnone";"HCR11";4500;"1";0.000955555555555556;0.00096;-2.66666666666669e-06;0.000146343077377429;0.153609929990761;"ICES_low"
"REClowmed";"ASSnone";"HCR11";4500;"2";0.00666666666666667;0.0066;-7.33333333333332e-05;0.000954831767225883;0.146599730406776;"ICES_low"
"REClowmed";"ASSnone";"HCR11";4500;"3";0.00155555555555556;0.0013;0.000213333333333333;0.000329271549160294;0.166572367946843;"ICES_low"
"REClowmed";"ASSnone";"HCR11";5000;"1";0.00099;0.00096;2.24e-05;0.000151155549021529;0.152931264089337;"ICES_low"
"REClowmed";"ASSnone";"HCR11";5000;"2";0.0066;0.0066;6.8e-05;0.000946572765295939;0.142304056395947;"ICES_low"
"REClowmed";"ASSnone";"HCR11";5000;"3";0.0016;0.0013;0.00022;0.00034;0.171404986126034;"ICES_low"
"REClowmed";"ASSnone";"HCR11";5500;"1";0.000963636363636364;0.00096;-6.1818181818182e-06;0.000124201915051578;0.130709301934284;"ICES_low"
"REClowmed";"ASSnone";"HCR11";5500;"2";0.00654545454545455;0.0066;-9.45454545454545e-05;0.00072367290908175;0.110843105777797;"ICES_low"
"REClowmed";"ASSnone";"HCR11";5500;"3";0.00145454545454545;0.0013;0.000138181818181818;0.000270872480747761;0.162809323086893;"ICES_low"
"REClowmed";"ASSnone";"HCR11";6000;"1";0.000966666666666667;0.00096;5.33333333333329e-06;0.000105824802805811;0.110037401569194;"ICES_low"
"REClowmed";"ASSnone";"HCR11";6000;"2";0.0065;0.0066;2.33333333333333e-05;0.000615810216074906;0.0933771684281673;"ICES_low"
"REClowmed";"ASSnone";"HCR11";6000;"3";0.0015;0.0013;0.000151666666666667;0.000244608530786098;0.132867766010434;"ICES_low"
"REClowmed";"ASSnone";"HCR11";6500;"1";0.000953846153846154;0.00096;3.84615384615383e-06;9.46997747477686e-05;0.0986654605315274;"ICES_low"
"REClowmed";"ASSnone";"HCR11";6500;"2";0.00661538461538461;0.0066;-4.61538461538457e-06;0.000559247169371204;0.0852179887534104;"ICES_low"
"REClowmed";"ASSnone";"HCR11";6500;"3";0.00138461538461538;0.0013;0.000118461538461539;0.000226342150804417;0.136654045079891;"ICES_low"
"REClowmed";"ASSnone";"HCR11";7000;"1";0.000971428571428571;0.00096;2.57142857142856e-06;9.08328808576386e-05;0.0948022025843193;"ICES_low"
"REClowmed";"ASSnone";"HCR11";7000;"2";0.00657142857142857;0.0066;-5.71428571428566e-06;0.000487308308727752;0.0742657545858596;"ICES_low"
"REClowmed";"ASSnone";"HCR11";7000;"3";0.00142857142857143;0.0013;9.57142857142858e-05;0.000181040078999324;0.110655571567736;"ICES_low"
"REClowmed";"ASSnone";"HCR11";7500;"1";0.00096;0.00096;-7.46666666666669e-06;7.93529387539547e-05;0.0833554701199512;"ICES_low"
"REClowmed";"ASSnone";"HCR11";7500;"2";0.00653333333333333;0.0066;-3.06666666666665e-05;0.00049152822909778;0.0750520672388637;"ICES_low"
"REClowmed";"ASSnone";"HCR11";7500;"3";0.00133333333333333;0.0013;5.33333333333334e-05;0.00017625738755203;0.124759385630105;"ICES_low"
"REClowmed";"ASSnone";"HCR11";8000;"1";0.000975;0.00096;3.74999999999986e-07;7.43324458093503e-05;0.0777883308585931;"ICES_low"
"REClowmed";"ASSnone";"HCR11";8000;"2";0.006625;0.0066;-5.00000000000001e-06;0.00043236269496801;0.0658850342408589;"ICES_low"
"REClowmed";"ASSnone";"HCR11";8000;"3";0.001375;0.0013;1.5e-05;0.000136014705087354;0.103320224863658;"ICES_low"
"REClowmed";"ASSnone";"HCR11";8500;"1";0.000964705882352941;0.00096;-2.00000000000002e-06;5.40587915253058e-05;0.0566742524607696;"ICES_low"
"REClowmed";"ASSnone";"HCR11";8500;"2";0.00658823529411765;0.0066;-4.11764705882353e-05;0.000319818287507487;0.0485993041690215;"ICES_low"
"REClowmed";"ASSnone";"HCR11";8500;"3";0.00129411764705882;0.0013;2.3529411764706e-05;0.000121552813645717;0.0905567432943528;"ICES_low"
"REClowmed";"ASSnone";"HCR11";9000;"1";0.000966666666666667;0.00096;-3.66666666666669e-06;4.88054844115083e-05;0.0511461129469468;"ICES_low"
"REClowmed";"ASSnone";"HCR11";9000;"2";0.00655555555555556;0.0066;-1.66666666666666e-05;0.000271484260508236;0.0413676902953753;"ICES_low"
"REClowmed";"ASSnone";"HCR11";9000;"3";0.00133333333333333;0.0013;1.11111111111113e-06;0.000109205887780494;0.0843512631851941;"ICES_low"
"REClowmed";"ASSnone";"HCR11";9500;"1";0.000957894736842105;0.00096;-1.68421052631583e-06;2.9178977747383e-05;0.0305505600855631;"ICES_low"
"REClowmed";"ASSnone";"HCR11";9500;"2";0.00663157894736842;0.0066;-8.421052631579e-06;0.000163818695810194;0.0249449047457894;"ICES_low"
"REClowmed";"ASSnone";"HCR11";9500;"3";0.00136842105263158;0.0013;6.31578947368425e-06;7.91576147811398e-05;0.0607071908990377;"ICES_low"
"REClowmed";"ASSnone";"HCR11";10000;"1";0.00096;0.00096;0;0;0;"ICES_low"
"REClowmed";"ASSnone";"HCR11";10000;"2";0.0066;0.0066;0;0;0;"ICES_low"
"REClowmed";"ASSnone";"HCR11";10000;"3";0.0013;0.0013;0;0;0;"ICES_low"
"REClowmed";"ASSss3";"HCR10";500;"1";0.0287;0.02837;-1.9999999999994e-06;0.00361194961205164;0.127966208065975;"HCR50"
"REClowmed";"ASSss3";"HCR10";500;"2";0.142;0.1398;0.00151999999999999;0.0143474039463591;0.101461457937864;"HCR50"
"REClowmed";"ASSss3";"HCR10";500;"3";0.038;0.032;0.00666;0.00840713982279348;0.133382788844005;"HCR50"
"REClowmed";"ASSss3";"HCR10";1000;"1";0.02825;0.02837;-8.49999999999997e-05;0.00265629441139344;0.094336544219922;"HCR50"
"REClowmed";"ASSss3";"HCR10";1000;"2";0.1405;0.1398;0.000639999999999992;0.00911789449379625;0.0650899060509534;"HCR50"
"REClowmed";"ASSss3";"HCR10";1000;"3";0.036;0.032;0.0039;0.00549363267792815;0.108317556487208;"HCR50"
"REClowmed";"ASSss3";"HCR10";1500;"1";0.0281333333333333;0.02837;0.000184666666666667;0.00239893541203408;0.0841847226726654;"HCR50"
"REClowmed";"ASSss3";"HCR10";1500;"2";0.141333333333333;0.1398;0.00124666666666666;0.00909070343201718;0.064164441519357;"HCR50"
"REClowmed";"ASSss3";"HCR10";1500;"3";0.034;0.032;0.00273333333333333;0.00439191175786683;0.0994726866824591;"HCR50"
"REClowmed";"ASSss3";"HCR10";2000;"1";0.02845;0.02837;7.45000000000006e-05;0.00168660754178321;0.0595352308426521;"HCR50"
"REClowmed";"ASSss3";"HCR10";2000;"2";0.1395;0.1398;-0.000205000000000007;0.00639964842784351;0.0460517060268404;"HCR50"
"REClowmed";"ASSss3";"HCR10";2000;"3";0.034;0.032;0.00233;0.00366674242345982;0.0828877140490889;"HCR50"
"REClowmed";"ASSss3";"HCR10";2500;"1";0.02832;0.02837;7.00000000000008e-05;0.00161049681775532;0.0568593722515531;"HCR50"
"REClowmed";"ASSss3";"HCR10";2500;"2";0.1392;0.1398;-0.000492000000000009;0.0063582387498426;0.0457339872855501;"HCR50"
"REClowmed";"ASSss3";"HCR10";2500;"3";0.0334;0.032;0.001656;0.00300559478306707;0.0749012143116332;"HCR50"
"REClowmed";"ASSss3";"HCR10";3000;"1";0.0283666666666667;0.02837;-1.39999999999996e-05;0.00124346022587509;0.0440698736384193;"HCR50"
"REClowmed";"ASSss3";"HCR10";3000;"2";0.14;0.1398;0.000216666666666659;0.00482228622589373;0.0345793517921135;"HCR50"
"REClowmed";"ASSss3";"HCR10";3000;"3";0.033;0.032;0.00117333333333333;0.00255734237050888;0.0688424792657968;"HCR50"
"REClowmed";"ASSss3";"HCR10";3500;"1";0.0284571428571429;0.02837;2.00000000000065e-06;0.00123790623099437;0.0438510133273221;"HCR50"
"REClowmed";"ASSss3";"HCR10";3500;"2";0.140714285714286;0.1398;0.000617142857142849;0.00455348263218744;0.032290896411591;"HCR50"
"REClowmed";"ASSss3";"HCR10";3500;"3";0.0332857142857143;0.032;0.00122;0.00231781036712652;0.0596229848008194;"HCR50"
"REClowmed";"ASSss3";"HCR10";4000;"1";0.0282625;0.02837;-9.04999999999993e-05;0.00110181441268482;0.0390255624773959;"HCR50"
"REClowmed";"ASSss3";"HCR10";4000;"2";0.139125;0.1398;-0.000440000000000004;0.0044637708274507;0.0320350913472378;"HCR50"
"REClowmed";"ASSss3";"HCR10";4000;"3";0.03275;0.032;0.00082;0.00190820596372614;0.0527640294150037;"HCR50"
"REClowmed";"ASSss3";"HCR10";4500;"1";0.0283333333333333;0.02837;-3.4666666666666e-05;0.00113402495236771;0.0402044077117078;"HCR50"
"REClowmed";"ASSss3";"HCR10";4500;"2";0.14;0.1398;-6.66666666666738e-05;0.00441350340950123;0.031740685259684;"HCR50"
"REClowmed";"ASSss3";"HCR10";4500;"3";0.0326666666666667;0.032;0.000722222222222221;0.0018;0.0506402567950617;"HCR50"
"REClowmed";"ASSss3";"HCR10";5000;"1";0.02836;0.02837;-0.000108399999999999;0.000959447757827387;0.0339013734640017;"HCR50"
"REClowmed";"ASSss3";"HCR10";5000;"2";0.1393;0.1398;-0.000956000000000007;0.00338703410080265;0.0235205477219635;"HCR50"
"REClowmed";"ASSss3";"HCR10";5000;"3";0.0326;0.032;0.000457999999999999;0.00147715943621533;0.0434850614100655;"HCR50"
"REClowmed";"ASSss3";"HCR10";5500;"1";0.0284636363636364;0.02837;5.05454545454553e-05;0.000836581295788288;0.0295300380188852;"HCR50"
"REClowmed";"ASSss3";"HCR10";5500;"2";0.140636363636364;0.1398;0.000530909090909083;0.00323275590538501;0.022838359513643;"HCR50"
"REClowmed";"ASSss3";"HCR10";5500;"3";0.0328181818181818;0.032;0.000563636363636363;0.00159917334016698;0.0461893091542517;"HCR50"
"REClowmed";"ASSss3";"HCR10";6000;"1";0.0284583333333333;0.02837;0.000135333333333334;0.000749023809145388;0.0259743575384706;"HCR50"
"REClowmed";"ASSss3";"HCR10";6000;"2";0.14025;0.1398;0.000313333333333325;0.00274485377064466;0.0195602285942881;"HCR50"
"REClowmed";"ASSss3";"HCR10";6000;"3";0.0323333333333333;0.032;0.000334999999999999;0.00122757665522135;0.0367073442919632;"HCR50"
"REClowmed";"ASSss3";"HCR10";6500;"1";0.0283692307692308;0.02837;-1.53846153846084e-06;0.000704601528248036;0.024962562442063;"HCR50"
"REClowmed";"ASSss3";"HCR10";6500;"2";0.14;0.1398;0.000181538461538454;0.00244822360428292;0.0175293360805333;"HCR50"
"REClowmed";"ASSss3";"HCR10";6500;"3";0.032;0.032;0.000123076923076922;0.00107933795180249;0.0335490837375113;"HCR50"
"REClowmed";"ASSss3";"HCR10";7000;"1";0.0283857142857143;0.02837;4.34285714285721e-05;0.000648895136334973;0.0229012108508582;"HCR50"
"REClowmed";"ASSss3";"HCR10";7000;"2";0.140071428571429;0.1398;0.000184285714285706;0.0024147590406684;0.0172865574206445;"HCR50"
"REClowmed";"ASSss3";"HCR10";7000;"3";0.0321428571428571;0.032;0.000155714285714285;0.000987369211178713;0.0304743745420068;"HCR50"
"REClowmed";"ASSss3";"HCR10";7500;"1";0.0283933333333333;0.02837;9.8666666666674e-06;0.000456471004312188;0.0161615782790077;"HCR50"
"REClowmed";"ASSss3";"HCR10";7500;"2";0.1396;0.1398;-2.53333333333403e-05;0.00184111077583313;0.0132370966689513;"HCR50"
"REClowmed";"ASSss3";"HCR10";7500;"3";0.0318666666666667;0.032;7.99999999999936e-06;0.000897997772825746;0.0281956356112172;"HCR50"
"REClowmed";"ASSss3";"HCR10";8000;"1";0.02839375;0.02837;-5.66249999999994e-05;0.00042010898883504;0.0147764960614546;"HCR50"
"REClowmed";"ASSss3";"HCR10";8000;"2";0.139625;0.1398;-0.000196250000000006;0.00174663068506195;0.0124947496361111;"HCR50"
"REClowmed";"ASSss3";"HCR10";8000;"3";0.032;0.032;3.875e-05;0.000694509719154456;0.0217524471008454;"HCR50"
"REClowmed";"ASSss3";"HCR10";8500;"1";0.0284058823529412;0.02837;4.70588235294729e-07;0.000346783839216692;0.0122849760332673;"HCR50"
"REClowmed";"ASSss3";"HCR10";8500;"2";0.139764705882353;0.1398;-0.000100000000000007;0.00138449146223317;0.00993437294244975;"HCR50"
"REClowmed";"ASSss3";"HCR10";8500;"3";0.0321176470588235;0.032;8.23529411764698e-05;0.000697995151726651;0.0217132369440266;"HCR50"
"REClowmed";"ASSss3";"HCR10";9000;"1";0.0284166666666667;0.02837;4.1444444444445e-05;0.000269384758566902;0.00941587246367243;"HCR50"
"REClowmed";"ASSss3";"HCR10";9000;"2";0.139944444444444;0.1398;9.11111111111043e-05;0.00103298679971966;0.00739249683001509;"HCR50"
"REClowmed";"ASSss3";"HCR10";9000;"3";0.0318888888888889;0.032;-2.22222222222269e-06;0.000576494300936571;0.0181073283318267;"HCR50"
"REClowmed";"ASSss3";"HCR10";9500;"1";0.0283789473684211;0.02837;-2.21052631578893e-06;0.000213037782923379;0.00754727475606659;"HCR50"
"REClowmed";"ASSss3";"HCR10";9500;"2";0.139789473684211;0.1398;1.99999999999909e-05;0.000718894195459894;0.00516547125505843;"HCR50"
"REClowmed";"ASSss3";"HCR10";9500;"3";0.032;0.032;-1.57894736842124e-05;0.000393999310993955;0.0123706697143689;"HCR50"
"REClowmed";"ASSss3";"HCR10";10000;"1";0.02837;0.02837;0;0;0;"HCR50"
"REClowmed";"ASSss3";"HCR10";10000;"2";0.1398;0.1398;0;0;0;"HCR50"
"REClowmed";"ASSss3";"HCR10";10000;"3";0.032;0.032;0;0;0;"HCR50"
"REClowmed";"ASSss3";"HCR11";500;"1";8e-04;0.00107;-5.4e-05;0.000666528318978271;0.657169362351783;"ICES_low"
"REClowmed";"ASSss3";"HCR11";500;"2";0.006;0.0067;-0.00024;0.00361745767079589;0.561559044805481;"ICES_low"
"REClowmed";"ASSss3";"HCR11";500;"3";0.004;0.002;0.00116;0.00191833260932509;0.485940344635722;"ICES_low"
"REClowmed";"ASSss3";"HCR11";1000;"1";0.001;0.00107;-1.7e-05;0.000440431606495265;0.420057508595322;"ICES_low"
"REClowmed";"ASSss3";"HCR11";1000;"2";0.006;0.0067;-0.00025;0.00226053091109146;0.350074802019268;"ICES_low"
"REClowmed";"ASSss3";"HCR11";1000;"3";0.003;0.002;0.00077;0.00139642400437689;0.422676944114704;"ICES_low"
"REClowmed";"ASSss3";"HCR11";1500;"1";0.00113333333333333;0.00107;7.46666666666667e-05;0.000410070454651122;0.354030344643975;"ICES_low"
"REClowmed";"ASSss3";"HCR11";1500;"2";0.00666666666666667;0.0067;0.000213333333333333;0.0021474015305325;0.310637873199597;"ICES_low"
"REClowmed";"ASSss3";"HCR11";1500;"3";0.00266666666666667;0.002;0.000633333333333333;0.00108934230922455;0.338271195523806;"ICES_low"
"REClowmed";"ASSss3";"HCR11";2000;"1";0.001075;0.00107;2.5e-05;0.00032241277890307;0.29503326843826;"ICES_low"
"REClowmed";"ASSss3";"HCR11";2000;"2";0.0065;0.0067;5.99999999999997e-05;0.00168997041394221;0.251096651171056;"ICES_low"
"REClowmed";"ASSss3";"HCR11";2000;"3";0.0025;0.002;0.000375;0.000788986691902975;0.293755486311778;"ICES_low"
"REClowmed";"ASSss3";"HCR11";2500;"1";0.00106;0.00107;-5.99999999999999e-06;0.000266480768536868;0.251649768265675;"ICES_low"
"REClowmed";"ASSss3";"HCR11";2500;"2";0.0068;0.0067;4.79999999999997e-05;0.00160237323991634;0.238548159844438;"ICES_low"
"REClowmed";"ASSss3";"HCR11";2500;"3";0.0024;0.002;0.000308;0.000668131723539603;0.258185293983646;"ICES_low"
"REClowmed";"ASSss3";"HCR11";3000;"1";0.0011;0.00107;2.7e-05;0.000244081043007349;0.222247200360765;"ICES_low"
"REClowmed";"ASSss3";"HCR11";3000;"2";0.007;0.0067;0.000153333333333333;0.0012453468950011;0.181239886244421;"ICES_low"
"REClowmed";"ASSss3";"HCR11";3000;"3";0.00233333333333333;0.002;0.000253333333333333;0.000567646212197547;0.226570946105911;"ICES_low"
"REClowmed";"ASSss3";"HCR11";3500;"1";0.00108571428571429;0.00107;-3e-05;0.000223775579999431;0.214300656087415;"ICES_low"
"REClowmed";"ASSss3";"HCR11";3500;"2";0.00657142857142857;0.0067;-0.000234285714285715;0.00116006685240154;0.176606367305846;"ICES_low"
"REClowmed";"ASSss3";"HCR11";3500;"3";0.002;0.002;0.000108571428571429;0.000488228785446716;0.226884318696089;"ICES_low"
"REClowmed";"ASSss3";"HCR11";4000;"1";0.0011;0.00107;3.725e-05;0.000190108521639615;0.169214338136469;"ICES_low"
"REClowmed";"ASSss3";"HCR11";4000;"2";0.007;0.0067;0.00022;0.000926417832298148;0.130700907038179;"ICES_low"
"REClowmed";"ASSss3";"HCR11";4000;"3";0.00225;0.002;0.000115;0.000483476990145343;0.223152083654268;"ICES_low"
"REClowmed";"ASSss3";"HCR11";4500;"1";0.00104444444444444;0.00107;-1.13333333333333e-05;0.000177625629337466;0.168284058202479;"ICES_low"
"REClowmed";"ASSss3";"HCR11";4500;"2";0.00666666666666667;0.0067;-0.000135555555555556;0.000934932492446433;0.141628659278468;"ICES_low"
"REClowmed";"ASSss3";"HCR11";4500;"3";0.002;0.002;2.66666666666666e-05;0.000457583561821644;0.226533145984306;"ICES_low"
"REClowmed";"ASSss3";"HCR11";5000;"1";0.00108;0.00107;1.82e-05;0.000142056326856638;0.130118896466983;"ICES_low"
"REClowmed";"ASSss3";"HCR11";5000;"2";0.0068;0.0067;5.79999999999998e-05;0.000680294054067798;0.100803758763175;"ICES_low"
"REClowmed";"ASSss3";"HCR11";5000;"3";0.002;0.002;6.39999999999999e-05;0.000368781778291715;0.176848627080051;"ICES_low"
"REClowmed";"ASSss3";"HCR11";5500;"1";0.00105454545454545;0.00107;-4.72727272727272e-06;0.000169539483199744;0.159890830974565;"ICES_low"
"REClowmed";"ASSss3";"HCR11";5500;"2";0.00654545454545455;0.0067;-5.09090909090911e-05;0.00084547409557064;0.127565048779079;"ICES_low"
"REClowmed";"ASSss3";"HCR11";5500;"3";0.002;0.002;3.09090909090909e-05;0.000342571703298487;0.168837304205499;"ICES_low"
"REClowmed";"ASSss3";"HCR11";6000;"1";0.0011;0.00107;2.08333333333333e-05;0.000141529345209944;0.128977384554044;"ICES_low"
"REClowmed";"ASSss3";"HCR11";6000;"2";0.00683333333333333;0.0067;0.000125;0.00071394833302013;0.103510868651505;"ICES_low"
"REClowmed";"ASSss3";"HCR11";6000;"3";0.002;0.002;9.33333333333333e-05;0.000368932393686311;0.171367605207027;"ICES_low"
"REClowmed";"ASSss3";"HCR11";6500;"1";0.00106153846153846;0.00107;-5.23076923076921e-06;0.000138206174773641;0.130359619376432;"ICES_low"
"REClowmed";"ASSss3";"HCR11";6500;"2";0.00676923076923077;0.0067;7.38461538461536e-05;0.000668823925848188;0.0986269057820569;"ICES_low"
"REClowmed";"ASSss3";"HCR11";6500;"3";0.002;0.002;-9.23076923076925e-06;0.000332820117735138;0.167959259901915;"ICES_low"
"REClowmed";"ASSss3";"HCR11";7000;"1";0.00106428571428571;0.00107;-4.57142857142854e-06;0.000103987832883252;0.0979987484926286;"ICES_low"
"REClowmed";"ASSss3";"HCR11";7000;"2";0.00671428571428571;0.0067;1.85714285714284e-05;0.00053003657940769;0.0792400168649698;"ICES_low"
"REClowmed";"ASSss3";"HCR11";7000;"3";0.002;0.002;-1.71428571428572e-05;0.000292072118575155;0.147785463808829;"ICES_low"
"REClowmed";"ASSss3";"HCR11";7500;"1";0.0011;0.00107;2.73333333333333e-05;8.12704675075079e-05;0.0700987505248719;"ICES_low"
"REClowmed";"ASSss3";"HCR11";7500;"2";0.0068;0.0067;9.86666666666664e-05;0.000419894166559993;0.0603343820058575;"ICES_low"
"REClowmed";"ASSss3";"HCR11";7500;"3";0.00213333333333333;0.002;5.6e-05;0.000233999050330457;0.111062238567302;"ICES_low"
"REClowmed";"ASSss3";"HCR11";8000;"1";0.001075;0.00107;5.00000000000001e-06;7.94512429103535e-05;0.0741332325004151;"ICES_low"
"REClowmed";"ASSss3";"HCR11";8000;"2";0.00675;0.0067;6.24999999999979e-06;0.00044947886490913;0.0673550169280493;"ICES_low"
"REClowmed";"ASSss3";"HCR11";8000;"3";0.002;0.002;3e-05;0.00023318447632722;0.114488472589096;"ICES_low"
"REClowmed";"ASSss3";"HCR11";8500;"1";0.00108235294117647;0.00107;1.09411764705882e-05;6.85090855995654e-05;0.0628808258634901;"ICES_low"
"REClowmed";"ASSss3";"HCR11";8500;"2";0.00670588235294118;0.0067;1.76470588235291e-05;0.000360171047408038;0.0538210417822118;"ICES_low"
"REClowmed";"ASSss3";"HCR11";8500;"3";0.002;0.002;8.23529411764699e-06;0.000190064640251806;0.0950300769716276;"ICES_low"
"REClowmed";"ASSss3";"HCR11";9000;"1";0.00108333333333333;0.00107;6.22222222222223e-06;5.08859775974618e-05;0.0471636383720542;"ICES_low"
"REClowmed";"ASSss3";"HCR11";9000;"2";0.00677777777777778;0.0067;3.77777777777776e-05;0.000289443911281232;0.0428054580781262;"ICES_low"
"REClowmed";"ASSss3";"HCR11";9000;"3";0.002;0.002;5.5555555555555e-06;0.000153558610678725;0.0769019707958937;"ICES_low"
"REClowmed";"ASSss3";"HCR11";9500;"1";0.00106315789473684;0.00107;-4.84210526315789e-06;3.61981312934974e-05;0.0338480651255403;"ICES_low"
"REClowmed";"ASSss3";"HCR11";9500;"2";0.00663157894736842;0.0067;-3.68421052631581e-05;0.000185708197519762;0.0274545472908032;"ICES_low"
"REClowmed";"ASSss3";"HCR11";9500;"3";0.002;0.002;-8.42105263157901e-06;0.000110400931386332;0.0555508260576017;"ICES_low"
"REClowmed";"ASSss3";"HCR11";10000;"1";0.00107;0.00107;0;0;0;"ICES_low"
"REClowmed";"ASSss3";"HCR11";10000;"2";0.0067;0.0067;0;0;0;"ICES_low"
"REClowmed";"ASSss3";"HCR11";10000;"3";0.002;0.002;0;0;0;"ICES_low"
